url,path,name,category
https://unsplash.com/photos/a-grassy-field-with-palm-trees-in-the-background-hViLTNoGs7E,full/4fd1ec99341fc56f46d5b4962a3fcb403fcc30da.jpg,a grassy field with palm trees in the background,Editorial
https://unsplash.com/photos/an-aerial-view-of-a-sandy-beach-and-a-body-of-water-GHyQYTheAMQ,full/9314329663665cc2d03f24e1ef833ee59527fb20.jpg,an aerial view of a sandy beach and a body of water,Editorial
https://unsplash.com/photos/a-forest-filled-with-lots-of-trees-covered-in-fog-FGci3XeL_EU,full/afa176452c374e8f754089b6ae99387fbeffc554.jpg,a forest filled with lots of trees covered in fog,Editorial
https://unsplash.com/photos/a-small-island-in-the-middle-of-a-lake-NsvG6R70ukI,full/5c0b90436c441ae34af53e43e8994ff72b54e46b.jpg,a small island in the middle of a lake,Editorial
https://unsplash.com/photos/an-aerial-view-of-a-boat-in-the-ocean-uLsq2D102v0,full/6f098bdfe9ea419339ce669b0e7299b5472da931.jpg,an aerial view of a boat in the ocean,Editorial
https://unsplash.com/photos/a-tall-building-with-windows-and-a-sky-background-peAXTDwkJJk,full/259fce54e1f3f81ce0cc4733f5a70b0ef885b6aa.jpg,a tall building with windows and a sky background,Editorial
https://unsplash.com/photos/a-bird-flying-over-a-mountain-range-in-the-desert-S-KkPjBWhVc,full/112ba9ff5e162540b71e347c43d019f2d3a10126.jpg,a bird flying over a mountain range in the desert,Editorial
https://unsplash.com/photos/a-green-and-black-background-with-stars-and-lines-HYD91Hk8Wjo,full/ced37963668923ae8f305da2a05ae221571a8054.jpg,a green and black background with stars and lines,Editorial
https://unsplash.com/photos/a-man-holding-a-child-on-top-of-a-mountain-ybPf3som_Po,full/714087a60de1e706deec3438a1f6ba836bc94802.jpg,a man holding a child on top of a mountain,Editorial
https://unsplash.com/photos/a-woman-is-working-on-a-piece-of-jewelry-g4m_xpePyiU,full/f260c702110c8ee7bc6422a2d50f14b8b9d0814e.jpg,a woman is working on a piece of jewelry,Editorial
https://unsplash.com/photos/a-group-of-people-sitting-on-a-wooden-floor-x5cXgB4vG0c,full/e14d6885f5671120503c2493ac8b56f8ad3b127e.jpg,a group of people sitting on a wooden floor,Editorial
https://unsplash.com/photos/a-camera-is-on-a-tripod-in-a-room-NVSYov3HF9Q,full/575df1963dfde942af674f20ee8abde356a1f28e.jpg,a camera is on a tripod in a room,Editorial
https://unsplash.com/photos/a-woman-laying-in-a-field-of-flowers-QWa2He53xps,full/c86929d36f37c25e0eda0eda02434bc21a8b091a.jpg,a woman laying in a field of flowers,Editorial
https://unsplash.com/photos/a-row-of-buildings-sitting-on-top-of-a-lush-green-field-DqUfGwsIRnw,full/1c76870f744f711da8b9811cae57f5a961442290.jpg,a row of buildings sitting on top of a lush green field,"Editorial, Architecture & Interiors"
https://unsplash.com/photos/a-man-standing-on-top-of-a-lush-green-hillside-RT07U4vRimI,full/6c0f7bbd6c9a3908a9c3e44b9e309aeda26dc310.jpg,a man standing on top of a lush green hillside,Editorial
https://unsplash.com/photos/an-empty-subway-station-with-no-people-in-it-ynE2q77odsI,full/3971e1c404301d3fd5e1405c38e4a9a31d6c90df.jpg,an empty subway station with no people in it,Editorial
https://unsplash.com/photos/a-man-is-walking-past-a-book-stand-0sJD0RFdl_w,full/65f90688da28f2daaa961f46d28e3ed933ff0d1f.jpg,a man is walking past a book stand,UGC
https://unsplash.com/photos/a-woman-sitting-in-the-sand-with-her-mouth-open-e8oj_gM3yqg,full/a029d9d3bbced82a58094522a40185c04ad6f97a.jpg,a woman sitting in the sand with her mouth open,"UGC, People, Blue"
https://unsplash.com/photos/brown-wooden-folding-chairs-inside-a-glass-room-GlU-bGYgLlg,full/4598a6cc4390ada6b37e0cf8b024efd02c5366a1.jpg,brown wooden folding chairs inside a glass room,"UGC, Travel, Architecture & Interiors"
https://unsplash.com/photos/a-group-of-people-standing-on-top-of-a-sandy-beach-YdbgozlMmdA,full/2abb6eb5cfbabba74638c030f5efbdca04da56e1.jpg,a group of people standing on top of a sandy beach,"UGC, People"
https://unsplash.com/photos/a-building-with-glass-walls-2XM1Dbvkt_U,full/0dac0f96d73f1264c272d1729a2b0c51f17a5f28.jpg,a building with glass walls,"UGC, Architecture & Interiors"
https://unsplash.com/photos/a-large-white-building-with-statues-on-top-of-it-ReaIQrvrwNg,full/602474533e3574e532867e60cb4ec0009dba6dc1.jpg,a large white building with statues on top of it,UGC
https://unsplash.com/photos/a-boat-sitting-on-top-of-a-sandy-beach-2ELr8r0YVhA,full/76cd66a17a2ec649bd1f9612cda3653c0aef1c33.jpg,a boat sitting on top of a sandy beach,UGC
https://unsplash.com/photos/a-woman-standing-in-a-doorway-of-a-building-8j4G3WY_pF4,full/5a1715e45af82cecf611cae9d79fb4dcefce6c63.jpg,a woman standing in a doorway of a building,"Editorial, UGC, Spirituality"
https://unsplash.com/photos/a-couple-of-people-that-are-standing-in-front-of-some-posters-VF2gaHj8wUg,full/120c6bfb5cc14de92e2ab8555693517456b4cedf.jpg,a couple of people that are standing in front of some posters,UGC
https://unsplash.com/photos/a-cat-that-is-laying-down-on-the-ground-xgEh87BrtzE,full/f8be9bd6f18b7f6b8bb429255acd50a9317679df.jpg,a cat that is laying down on the ground,UGC
https://unsplash.com/photos/a-car-parked-in-front-of-a-wooden-cabin-CSdtZ0knIoo,full/0d66fa374d30f445819545baed8edee19276ba90.jpg,a car parked in front of a wooden cabin,"UGC, Travel"
https://unsplash.com/photos/a-smiling-woman-standing-in-a-field-of-grass-OD0M-rIsa-8,full/f032910bee4145927eafefe211cdc061d6947e82.jpg,a smiling woman standing in a field of grass,"UGC, People"
https://unsplash.com/photos/a-potted-plant-sitting-next-to-a-blue-window-g0NDEzRQWGk,full/97d2c8c1f160049910e6ccbb7c3285b82ff0f55f.jpg,a potted plant sitting next to a blue window,"UGC, Blue"
https://unsplash.com/photos/a-building-with-a-large-door-akZNNIs8XQM,full/30c20aac4bb21e08b1b630a7f8a6fb095af7f0b1.jpg,a building with a large door,UGC
https://unsplash.com/photos/yellow-flowers-on-brown-tree-branch-during-daytime-G6hooAhaobo,full/5e5af9912b9d13806c023f9d045e9d345794e799.jpg,yellow flowers on brown tree branch during daytime,"UGC, Cozy Moments"
https://unsplash.com/photos/a-man-riding-a-skateboard-down-a-sidewalk-8mZusm3nLpM,full/c52de60c25791167817f6dca193f474526c2453d.jpg,a man riding a skateboard down a sidewalk,UGC
https://unsplash.com/photos/a-woman-in-a-red-dress-holding-two-torches-3GFvmz6JHVY,full/5eca68ffde98207d4ceccdcc1780ef5abc2e1d1b.jpg,a woman in a red dress holding two torches,Editorial
https://unsplash.com/photos/man-in-white-crew-neck-shirt-sitting-on-chair-THcwlb97cSU,full/39a365ac8b5a787815af9f5f9c6b97bc1fba1cc9.jpg,man in white crew-neck shirt sitting on chair,"Editorial, UGC"
https://unsplash.com/photos/a-yellow-car-is-parked-in-front-of-a-building-WiDDbamFh68,full/99ea76c524917d9e57c7b712e6334169b7586b0d.jpg,a yellow car is parked in front of a building,"UGC, Architecture & Interiors"
https://unsplash.com/photos/a-blue-car-parked-on-the-side-of-the-road-PqDS7Cn0aEc,full/de92f7c688288f6f2ee895fc6bab09323555f154.jpg,a blue car parked on the side of the road,Editorial
https://unsplash.com/photos/a-plate-with-a-sandwich-and-a-bowl-of-blueberries-4scr1mI5UkI,full/0f7892132b4376ab736e4591382e51850488ccb5.jpg,a plate with a sandwich and a bowl of blueberries,"Editorial, Food & Drink"
https://unsplash.com/photos/a-room-filled-with-lots-of-books-and-a-ladder-gJLjRgc1GzU,full/60e2e318cffb0554440cb572bff27cf52362ad51.jpg,a room filled with lots of books and a ladder,UGC
https://unsplash.com/photos/a-paved-road-surrounded-by-trees-and-grass-O4HreKjjDoc,full/8f559a2eb8dc3b0cca0371dde462ff8673aaa2da.jpg,a paved road surrounded by trees and grass,UGC
https://unsplash.com/photos/the-sun-is-setting-over-a-rocky-beach-sGeMordnxUk,full/df2905207deb5b222faa46969f7c37236be828b6.jpg,the sun is setting over a rocky beach,Editorial
https://unsplash.com/photos/an-aerial-view-of-a-body-of-water-DeZ6sUIrQOw,full/a4b61ca480eda1e99b445f196534aebd4658457d.jpg,an aerial view of a body of water,Editorial
https://unsplash.com/photos/a-woman-in-a-red-dress-standing-in-a-forest-9_5nWFkmIk4,full/9a0c17d942fd5a719cd48faba9453f56822713d2.jpg,a woman in a red dress standing in a forest,Editorial
url,path,name,category
https://unsplash.com/photos/a-row-of-buildings-sitting-on-top-of-a-lush-green-field-DqUfGwsIRnw,full/1c76870f744f711da8b9811cae57f5a961442290.jpg,a row of buildings sitting on top of a lush green field,"Editorial, Architecture & Interiors"
https://unsplash.com/photos/a-woman-is-working-on-a-piece-of-jewelry-g4m_xpePyiU,full/f260c702110c8ee7bc6422a2d50f14b8b9d0814e.jpg,a woman is working on a piece of jewelry,Editorial
https://unsplash.com/photos/a-woman-laying-in-a-field-of-flowers-QWa2He53xps,full/c86929d36f37c25e0eda0eda02434bc21a8b091a.jpg,a woman laying in a field of flowers,Editorial
https://unsplash.com/photos/a-tall-building-with-windows-and-a-sky-background-peAXTDwkJJk,full/259fce54e1f3f81ce0cc4733f5a70b0ef885b6aa.jpg,a tall building with windows and a sky background,Editorial
https://unsplash.com/photos/a-small-island-in-the-middle-of-a-lake-NsvG6R70ukI,full/5c0b90436c441ae34af53e43e8994ff72b54e46b.jpg,a small island in the middle of a lake,Editorial
https://unsplash.com/photos/an-aerial-view-of-a-body-of-water-DeZ6sUIrQOw,full/a4b61ca480eda1e99b445f196534aebd4658457d.jpg,an aerial view of a body of water,Editorial
https://unsplash.com/photos/a-grassy-field-with-palm-trees-in-the-background-hViLTNoGs7E,full/4fd1ec99341fc56f46d5b4962a3fcb403fcc30da.jpg,a grassy field with palm trees in the background,Editorial
https://unsplash.com/photos/a-plate-with-a-sandwich-and-a-bowl-of-blueberries-4scr1mI5UkI,full/0f7892132b4376ab736e4591382e51850488ccb5.jpg,a plate with a sandwich and a bowl of blueberries,"Editorial, Food & Drink"
https://unsplash.com/photos/a-woman-in-a-red-dress-standing-in-a-forest-9_5nWFkmIk4,full/9a0c17d942fd5a719cd48faba9453f56822713d2.jpg,a woman in a red dress standing in a forest,Editorial
https://unsplash.com/photos/a-man-standing-on-top-of-a-lush-green-hillside-RT07U4vRimI,full/6c0f7bbd6c9a3908a9c3e44b9e309aeda26dc310.jpg,a man standing on top of a lush green hillside,Editorial
https://unsplash.com/photos/a-woman-in-a-red-dress-holding-two-torches-3GFvmz6JHVY,full/5eca68ffde98207d4ceccdcc1780ef5abc2e1d1b.jpg,a woman in a red dress holding two torches,Editorial
https://unsplash.com/photos/a-woman-wearing-a-plastic-hat-and-a-striped-shirt-Q_m6_OuXrUo,full/097e955d1b7f06592e543faa9d644c10d2eb1bdd.jpg,a woman wearing a plastic hat and a striped shirt,Editorial
https://unsplash.com/photos/a-bird-flying-over-a-mountain-range-in-the-desert-S-KkPjBWhVc,full/112ba9ff5e162540b71e347c43d019f2d3a10126.jpg,a bird flying over a mountain range in the desert,Editorial
https://unsplash.com/photos/a-group-of-people-sitting-on-a-wooden-floor-x5cXgB4vG0c,full/e14d6885f5671120503c2493ac8b56f8ad3b127e.jpg,a group of people sitting on a wooden floor,Editorial
https://unsplash.com/photos/a-blue-car-parked-on-the-side-of-the-road-PqDS7Cn0aEc,full/de92f7c688288f6f2ee895fc6bab09323555f154.jpg,a blue car parked on the side of the road,Editorial
https://unsplash.com/photos/an-empty-subway-station-with-no-people-in-it-ynE2q77odsI,full/3971e1c404301d3fd5e1405c38e4a9a31d6c90df.jpg,an empty subway station with no people in it,Editorial
https://unsplash.com/photos/a-person-sitting-on-a-bench-near-the-ocean-GB9FXmbdfLc,full/6308c22e5228394c15ced87d47b2b54cf39611c0.jpg,a person sitting on a bench near the ocean,UGC
https://unsplash.com/photos/a-yellow-building-with-green-shutters-and-a-street-light-2NZo6Ol-Q0Y,full/b803e65bbca69bab50960b03afb0e7c0dce72701.jpg,a yellow building with green shutters and a street light,UGC
https://unsplash.com/photos/a-woman-holding-an-umbrella-standing-in-front-of-a-building-wp5av0oiqx4,full/4cb9c19aa7cd6d6727e6e1c199d9dcdd511ad962.jpg,a woman holding an umbrella standing in front of a building,"Editorial, UGC, Travel"
https://unsplash.com/photos/a-couple-of-pictures-are-hanging-on-a-wall-9XToz8LXVvQ,full/9cf7fb704e236cda17493c2dd06d0a7c934891fa.jpg,a couple of pictures are hanging on a wall,"Editorial, UGC"
https://unsplash.com/photos/a-couple-of-women-standing-in-a-hallway-uvo6xvkG81o,full/b8bae943aa5c535c36205bb952e6b3d48ec66a6b.jpg,a couple of women standing in a hallway,"UGC, Interiors"
https://unsplash.com/photos/a-tree-branch-in-the-middle-of-a-body-of-water-to4sancUpn4,full/52e2594c8deb98d08a68f4a39e67501130ec3d5a.jpg,a tree branch in the middle of a body of water,"Experimental, UGC"
https://unsplash.com/photos/a-man-and-a-woman-walking-down-a-long-hallway-qW13qCIXCM8,full/51f9b3e31d26fff06239241e8a2d499c54c8134a.jpg,a man and a woman walking down a long hallway,"UGC, Street Photography"
https://unsplash.com/photos/a-cobblestone-street-lined-with-colorful-buildings-z3ww2l56anM,full/48b498c11e693842a4d42b6a288aa72dddac6540.jpg,a cobblestone street lined with colorful buildings,UGC
https://unsplash.com/photos/a-young-girl-playing-tennis-on-a-tennis-court-mfFVeuItimI,full/b0ddc42a4e06c5187317632a2755aa431f6f965b.jpg,a young girl playing tennis on a tennis court,"UGC, Sports"
https://unsplash.com/photos/a-bicycle-parked-in-front-of-a-building-h0FPtgjFyy0,full/a0348b571ff3ac190b2363cbd4bb3021c664c8b5.jpg,a bicycle parked in front of a building,UGC
https://unsplash.com/photos/a-black-and-white-photo-of-people-walking-around-z1TbgUwAUjQ,full/e60d93b2aa57c653ffb3ca952d20a8e4b4b5875a.jpg,a black and white photo of people walking around,"UGC, Black & White"
https://unsplash.com/photos/a-grassy-field-with-trees-and-clouds-in-the-background-d6wfOl1w7xY,full/01cb1e8d837b4777dd790cabfe23194bb8fa0d1d.jpg,a grassy field with trees and clouds in the background,UGC
https://unsplash.com/photos/a-woman-walking-on-a-beach-next-to-the-ocean-lc6bt7tFG-c,full/ba1d7c2ede5055cbfcb4b24b4eeebfbfd0c38345.jpg,a woman walking on a beach next to the ocean,"UGC, People"
https://unsplash.com/photos/a-pink-building-with-green-shutters-next-to-a-yellow-building-mMIdYRKXpPo,full/e560b94e5896f1dd5c41a7df8270984bab4e5794.jpg,a pink building with green shutters next to a yellow building,UGC
https://unsplash.com/photos/the-sun-is-setting-over-a-rocky-beach-sGeMordnxUk,full/df2905207deb5b222faa46969f7c37236be828b6.jpg,the sun is setting over a rocky beach,Editorial
https://unsplash.com/photos/an-aerial-view-of-a-sandy-beach-and-a-body-of-water-GHyQYTheAMQ,full/9314329663665cc2d03f24e1ef833ee59527fb20.jpg,an aerial view of a sandy beach and a body of water,no category
https://unsplash.com/photos/a-person-walking-past-a-window-with-graffiti-on-it-_eHEKqXCnSU,full/4a44c571f0633dc182f341d6c8fce59b6d430f4b.jpg,a person walking past a window with graffiti on it,"Experimental, UGC"
https://unsplash.com/photos/a-clock-mounted-to-the-side-of-a-building-6va0DMYwhaI,full/41d74a6139a079f77b4a29f0b4ae51399f9f169e.jpg,a clock mounted to the side of a building,UGC
https://unsplash.com/photos/woman-in-brown-t-shirt-and-black-pants-holding-brown-paper-bag-EQRS6GlWirU,full/9ed516dc239fc44524e03c86816bd6e752f41727.jpg,woman in brown t-shirt and black pants holding brown paper bag,"UGC, Business & Work, Entrepreneur"
https://unsplash.com/photos/a-forest-filled-with-lots-of-trees-covered-in-fog-FGci3XeL_EU,full/afa176452c374e8f754089b6ae99387fbeffc554.jpg,a forest filled with lots of trees covered in fog,Editorial
https://unsplash.com/photos/a-camera-is-on-a-tripod-in-a-room-NVSYov3HF9Q,full/575df1963dfde942af674f20ee8abde356a1f28e.jpg,a camera is on a tripod in a room,no category
https://unsplash.com/photos/two-ducks-floating-on-top-of-a-body-of-water-l8y6F9h-IDo,full/91a40fead3b5379d54ab3da71e4f45175cb86005.jpg,two ducks floating on top of a body of water,UGC
https://unsplash.com/photos/a-green-and-black-background-with-stars-and-lines-HYD91Hk8Wjo,full/ced37963668923ae8f305da2a05ae221571a8054.jpg,a green and black background with stars and lines,Editorial
https://unsplash.com/photos/a-waterfall-in-the-middle-of-a-forest-jPgmAe8VBpc,full/58104a28ac66f0e4514de33aca07931ad1b82107.jpg,a waterfall in the middle of a forest,Editorial
https://unsplash.com/photos/a-man-riding-a-skateboard-on-top-of-a-roof-H3iWmv3jNfs,full/16a3bef738559f23b0c9781e937f1f484443963a.jpg,a man riding a skateboard on top of a roof,UGC
https://unsplash.com/photos/a-man-holding-a-child-on-top-of-a-mountain-ybPf3som_Po,full/714087a60de1e706deec3438a1f6ba836bc94802.jpg,a man holding a child on top of a mountain,Editorial
https://unsplash.com/photos/a-couple-of-trees-that-are-in-the-grass-Sapcr9yp5GM,full/687fc253dbd0461d679426c50a8c16897fafb3ae.jpg,a couple of trees that are in the grass,UGC
https://unsplash.com/photos/an-aerial-view-of-a-boat-in-the-ocean-uLsq2D102v0,full/6f098bdfe9ea419339ce669b0e7299b5472da931.jpg,an aerial view of a boat in the ocean,Editorial
https://unsplash.com/photos/a-group-of-people-walking-down-a-street-holding-a-flag-XjgZMgxaztY,full/fb324aee7bd817a7b75a1cf7070b374fb9baa0e1.jpg,a group of people walking down a street holding a flag,Current Events
https://unsplash.com/photos/person-in-water-during-daytime-cwNHnU4IB8w,full/4959c6f9f2bbc2d84d6bfba46e1f0f048ccd8ab0.jpg,person in water during daytime,"Editorial, Health & Wellness"
https://unsplash.com/photos/a-man-riding-a-bike-down-a-gravel-road-y5u5uhKW-n4,full/47f9e0c57848f698eb1d12357ae59faa73ce1be1.jpg,a man riding a bike down a gravel road,"Editorial, Sports"
https://unsplash.com/photos/clear-glass-cup-with-ice-cream-and-cherry-on-top-eXlFzGGXGL0,full/9907d4c7e45827d4853d7c8016648f94020c6a1e.jpg,clear glass cup with ice cream and cherry on top,"Editorial, Food & Drink"
https://unsplash.com/photos/black-bird-on-white-sand-near-body-of-water-during-daytime-1ZEUgM8HiAc,full/023bb22377fdf51cbe73f685f43b60dbbf29ae34.jpg,black bird on white sand near body of water during daytime,Animals
https://unsplash.com/photos/a-woman-in-a-blue-turtle-neck-sweater-HQ29_P2cO-o,full/819217277e85a910e8e962ad2926d4d118476a51.jpg,a woman in a blue turtle neck sweater,"Editorial, People, Cozy Moments"
https://unsplash.com/photos/pistachio-nut-fiquoT6JZKE,full/036c12590d910b627a4a028a96950fb87e0bfa79.jpg,pistachio nut,"Editorial, Food & Drink, Experimental"
https://unsplash.com/photos/a-white-desk-topped-with-a-laptop-computer-vmYi3Ii0S0k,full/d4d934545a79e9cbfaf62bd9660a2389ff26a2e2.jpg,a white desk topped with a laptop computer,Business & Work
https://unsplash.com/photos/a-painting-of-a-bouquet-of-flowers-on-a-white-background-pH9PJdQxaL8,full/0c79ff4e8a33530a87b1c168d5695c29b9710211.jpg,a painting of a bouquet of flowers on a white background,Archival
https://unsplash.com/photos/laughing-woman-try-on-sunglasses-in-front-of-a-mirror-in-a-fashion-store-Qe36Ln658E4,full/ef20a134d0c283a636367fab26276e3aac00f487.jpg,Laughing woman try on sunglasses in front of a mirror in a fashion store,Fashion & Beauty
https://unsplash.com/photos/a-small-boat-in-the-middle-of-a-large-body-of-water-AyJD4OR3AVA,full/b3c7fa76897764b33c9d993201e65365a9b53b80.jpg,a small boat in the middle of a large body of water,Film
https://unsplash.com/photos/a-group-of-people-standing-on-the-side-of-a-road-next-to-a-train-3N3B_qWJ_os,full/1edfc2bde7c6cf4cb0d10c06a58fc3f25af9cd49.jpg,a group of people standing on the side of a road next to a train,Street Photography
https://unsplash.com/photos/a-row-of-buildings-on-the-side-of-a-street-iXK3ONov4sU,full/3bcc5f9e3ebea3533a60ad07fa5fc521af628ff3.jpg,a row of buildings on the side of a street,Architecture & Interiors
https://unsplash.com/photos/a-blurry-photo-of-the-light-coming-through-a-window-1MrcVxvA6d8,full/211e9c15108db7ab59d253e4231f362648e0c38d.jpg,a blurry photo of the light coming through a window,Textures & Patterns
https://unsplash.com/photos/a-man-wearing-a-blue-shirt-and-a-necklace-IWE2XwSbTYM,full/1da9bdac13832db92d1f339b666eeb153538ba4d.jpg,a man wearing a blue shirt and a necklace,Experimental
https://unsplash.com/photos/a-tall-building-seen-through-a-circular-window-mjduWmVBkd8,full/deaad5437892d80adce9ca3515e96d2386275b58.jpg,a tall building seen through a circular window,Architecture & Interiors
https://unsplash.com/photos/a-black-background-with-a-triangle-pattern-7LU8x54JLoc,full/8591fa912687f1eea6575c5dda1fc4a2dc85fdd6.jpg,a black background with a triangle pattern,"Editorial, 3D Renders"
https://unsplash.com/photos/a-desert-landscape-with-a-pink-sky-and-a-pink-moon-1bnNMlQT5GE,full/6aa4457cb3fd72c476064e6f88fd8a62c42144a8.jpg,a desert landscape with a pink sky and a pink moon,3D Renders
https://unsplash.com/photos/a-gray-and-pink-object-with-a-gray-ball-on-top-of-it-Has3xeJVOGw,full/16c0cdb9e7feb0d07b4b36f9ed3814ac6ea209bc.jpg,a gray and pink object with a gray ball on top of it,"Editorial, 3D Renders"
https://unsplash.com/photos/a-black-background-with-blue-and-pink-lines-HErhYBxhreE,full/963bf4f317fac308fae8f1a4bcd5fb6d392e967a.jpg,a black background with blue and pink lines,"Editorial, 3D Renders"
https://unsplash.com/photos/astronaut-asian-woman-dark-silhouette-in-front-of-a-sunny-round-window-with-mist-cyber-punk-black-and-white-3d-illustration-3d-render-HazoVvm_mRA,full/09bd0642de344b982aaecb6bb50b95627e3c6653.jpg,Astronaut Asian Woman Dark Silhouette in front of a Sunny Round Window with Mist Cyber Punk Black and White 3d illustration 3d render,3D Renders
https://unsplash.com/photos/a-laptop-computer-sitting-on-top-of-a-black-table-MJN9vPNqp_U,full/0aa01b227260a84704e38a11c5da4693c892e5c2.jpg,a laptop computer sitting on top of a black table,3D Renders
https://unsplash.com/photos/an-abstract-blue-and-purple-object-on-a-black-background-lxtdL_rIiCE,full/5f69b8ca9dde39bb807db94e94b909b99aaad9e8.jpg,an abstract blue and purple object on a black background,"Editorial, 3D Renders"
https://unsplash.com/photos/a-computer-generated-image-of-an-abstract-design-35_0UPwl6eo,full/2d4d90bbd281605b531e2d28b92fd209b516fb09.jpg,a computer generated image of an abstract design,3D Renders
https://unsplash.com/photos/an-artists-impression-of-a-black-hole-in-space-1Q2GieUfRlk,full/1aa18cd2da54ce9347d4ff008afa78800c68a24b.jpg,an artist's impression of a black hole in space,3D Renders
https://unsplash.com/photos/a-circular-object-with-a-black-background-Qna3C7BTrnA,full/0a7e86b341a4d675fb3d83ca21578f7101843ec4.jpg,a circular object with a black background,"Editorial, 3D Renders"
https://unsplash.com/photos/a-person-standing-in-the-middle-of-a-dark-room-a3XdceJ8tA0,full/b769946438e53c6355c01ac815a648084a99b402.jpg,a person standing in the middle of a dark room,3D Renders
https://unsplash.com/photos/a-black-and-white-photo-of-a-living-room-pqyu59ZcbLU,full/dfefc1a747c0cbb81d94820331187460a3348c94.jpg,a black and white photo of a living room,3D Renders
https://unsplash.com/photos/a-group-of-oranges-sitting-on-top-of-a-pink-surface-_vgMHuzx5kw,full/dffbb2f3b174dd763d97446aab7e589e8a5483f0.jpg,a group of oranges sitting on top of a pink surface,3D Renders
https://unsplash.com/photos/a-close-up-of-a-black-substance-on-a-white-background-Pqjxtx870qw,full/626f84670d795d0cee3b5fe7638a9c6a85626346.jpg,a close up of a black substance on a white background,3D Renders
https://unsplash.com/photos/a-dark-room-with-a-light-coming-through-the-window-iS_o-jRPAZ8,full/35a6ed445610f45a35ea8d49a0acc6a52250983d.jpg,a dark room with a light coming through the window,3D Renders
https://unsplash.com/photos/a-scooter-parked-on-the-side-of-the-road-f5XEKcCojmQ,full/e2864530ec18eac70a477f99483414aa73746463.jpg,a scooter parked on the side of the road,Travel
https://unsplash.com/photos/a-close-up-of-a-colorful-object-on-a-black-background-NDCSAbAEQyw,full/9d324fd9940b943876d00da435bd592b51b0f28d.jpg,a close up of a colorful object on a black background,"Editorial, 3D Renders"
https://unsplash.com/photos/a-black-background-with-purple-lines-in-the-middle-m2LDQGVSBJU,full/00fe76a7d9f87778a227c9dec9e3a273d0388523.jpg,a black background with purple lines in the middle,3D Renders
https://unsplash.com/photos/three-planets-are-shown-in-the-dark-sky-9YAWzxZS3xY,full/35bc80aebae6c9b92d144a53f1636d94e1f66b56.jpg,three planets are shown in the dark sky,3D Renders
https://unsplash.com/photos/city-skyline-across-body-of-water-during-night-time-2wKy3UDvftU,full/df4b622adcb538ea032b06c56a337f8b78e0c09f.jpg,city skyline across body of water during night time,"Editorial, Travel"
https://unsplash.com/photos/a-black-and-white-photo-of-a-wall-of-mirrors-BRM3PkX7_sQ,full/6dbc92fd105f62cd7b011036fd4f11dee3db4516.jpg,a black and white photo of a wall of mirrors,3D Renders
https://unsplash.com/photos/a-close-up-of-a-large-red-and-white-object-Zb07vksJdgU,full/3a827a2232b31a2a4019fc1ac1f00ecacbd4968c.jpg,a close up of a large red and white object,3D Renders
https://unsplash.com/photos/a-boat-is-in-the-water-at-sunset-cV1Q7U1abM0,full/0834b641acf6840f9b9ed235184f226427dc8fcc.jpg,a boat is in the water at sunset,"Travel, Nature, UGC"
https://unsplash.com/photos/a-city-street-filled-with-lots-of-tall-buildings-QTUK_crQgiQ,full/eb26d6011897dd568de8ea95a2def25aef978beb.jpg,a city street filled with lots of tall buildings,Travel
https://unsplash.com/photos/person-in-black-jacket-sitting-on-rock-near-lake-during-daytime-4F5CfyuZT74,full/212f89a3610723c006bac216e1d352dc7cd94bea.jpg,person in black jacket sitting on rock near lake during daytime,"Editorial, Travel, Health & Wellness"
https://unsplash.com/photos/the-great-pyramid-of-giza-tomb-in-egypt-MoonoldXeqs,full/02dff6c84ddf2fb4fdccb0786ca9b71c7107a710.jpg,"The Great Pyramid of Giza, Tomb in Egypt","Editorial, Travel, Nature"
https://unsplash.com/photos/person-standing-on-paddle-board-on-body-of-water-DnbKhtkTboo,full/3c0514db85898880d9d109d93ed0c56567ff2310.jpg,person standing on paddle board on body of water,"Editorial, Wallpapers, Travel"
https://unsplash.com/photos/white-and-brown-concrete-dome-building-OuFJNCpegzs,full/5423f6c2be6904851c36a3850aad8673a46047b8.jpg,white and brown concrete dome building,"Editorial, Travel, Nature"
https://unsplash.com/photos/space-needle-seattle-washington-during-night-Ca5PAGxvybc,full/9e1ab3bcb7dbab946cf40bd8c13d6cfabaef95f0.jpg,"Space Needle Seattle, Washington during night",Travel
https://unsplash.com/photos/palm-trees-on-beach-during-daytime-Tntzo5JpRxk,full/12518cd236f9c22bb0aa8fc7072dc70453f95664.jpg,palm trees on beach during daytime,"Editorial, Travel, Nature"
https://unsplash.com/photos/a-chinese-building-with-red-pillars-and-a-white-roof-N5g4OK8oteM,full/9bad9858877c100245cf239e51dc64c947293f4f.jpg,a chinese building with red pillars and a white roof,Wallpapers
https://unsplash.com/photos/women-on-inflatable-rings-xkeLHL5suF0,full/833fee5c7b6ed2d8709a8ddc7122ee40d49e514e.jpg,women on inflatable rings,"Editorial, Travel, Nature"
https://unsplash.com/photos/a-colorful-ferris-wheel-against-a-blue-sky-VRynasWZQgo,full/839135d86621fa1d325f54f11d21df1593319346.jpg,a colorful ferris wheel against a blue sky,Travel
https://unsplash.com/photos/photo-of-fighter-jet-Khki2jKgFXA,full/b1798df35a3c423e16ac9be7408fda6248cf449d.jpg,photo of fighter jet,"Editorial, Wallpapers, Travel"
https://unsplash.com/photos/white-tent-under-blue-sky-during-night-time-8F59AdH6WKk,full/ea066cec8ad76f875acb01c38ea6c908780c149d.jpg,white tent under blue sky during night time,"Editorial, Travel, Nature"
https://unsplash.com/photos/big-ben-london-MdJq0zFUwrw,full/9cf1745a6f48774706d927ceaeca2b70e1972d93.jpg,"Big Ben, London","Editorial, Travel"
https://unsplash.com/photos/woman-in-black-and-white-checkered-long-sleeve-shirt-standing-on-brown-field-during-daytime-Sm2J8MF5ZAo,full/0c9546d6f3519ca1a3dff0d86218b28657a85f8e.jpg,woman in black and white checkered long sleeve shirt standing on brown field during daytime,"People, Travel"
https://unsplash.com/photos/brown-concrete-house-I1Lv2yX67GI,full/bdf432fa79767b4433eb116601c1e9682032f10e.jpg,brown concrete house,"Editorial, Travel"
https://unsplash.com/photos/a-tall-building-with-a-clock-on-the-side-of-it-HsDtZVU4W1o,full/ca42d14b1489fbe7256d1c6886a46563ec43289c.jpg,a tall building with a clock on the side of it,Architecture & Interiors
https://unsplash.com/photos/a-black-and-white-photo-of-a-tall-building-xMNMakJiIAQ,full/96f3dce33dfb978a6b080d559b667f18cc26e619.jpg,a black and white photo of a tall building,"Editorial, Architecture & Interiors"
https://unsplash.com/photos/a-view-of-the-sky-from-underneath-a-building-n2-ZWljn1n0,full/e02a1f52ecc4485f932a6ebb86a3107fd58909b5.jpg,a view of the sky from underneath a building,Architecture & Interiors
https://unsplash.com/photos/a-tall-brick-building-with-a-clock-on-its-side-a7yL48iJPp0,full/bded22290d6bab11cd9184fe46430fe8958c9d26.jpg,a tall brick building with a clock on it's side,Architecture & Interiors
https://unsplash.com/photos/a-black-and-white-photo-of-a-train-station-wJg6iwcYc-I,full/bef1bcf05ac64f52153e197a126f5185e5dfa242.jpg,a black and white photo of a train station,Architecture & Interiors
https://unsplash.com/photos/a-light-shines-in-the-center-of-a-dome-udys_60W3YI,full/bf8b2604aef21b3a5e7af04262118d370902107f.jpg,a light shines in the center of a dome,Architecture & Interiors
https://unsplash.com/photos/a-large-building-with-a-dome-on-top-of-it-r0omuC0XoDE,full/8fd9422a69949e93708350b8079b3f5409f10d83.jpg,a large building with a dome on top of it,Architecture & Interiors
https://unsplash.com/photos/a-large-building-with-a-clock-on-the-front-of-it-GBXARUPNCbw,full/ac30c1cc7184993208e8253663c37c2daa5cc7cf.jpg,a large building with a clock on the front of it,Architecture & Interiors
https://unsplash.com/photos/a-black-and-white-photo-of-a-bed-in-a-bedroom-G-EQoCI4a8Q,full/809e64f1d0e8351a19d084a9ee786e9a422a3c49.jpg,a black and white photo of a bed in a bedroom,"Editorial, Film, Architecture & Interiors"
https://unsplash.com/photos/a-black-and-white-photo-of-a-building-TYO4S9zasdU,full/c0b939749e8b224eec41934418005c097508bcc0.jpg,a black and white photo of a building,Architecture & Interiors
https://unsplash.com/photos/a-man-walking-up-a-flight-of-stairs-in-a-building-IlKf0Cl6G5c,full/72d68f2e9320a830ec30a3fbb05c111ed19579f6.jpg,a man walking up a flight of stairs in a building,Architecture & Interiors
https://unsplash.com/photos/a-view-of-a-curved-concrete-wall-with-a-blue-sky-in-the-background-4pTRTlyzsUQ,full/72b226c138c222df8e96c4852766625971dd998f.jpg,a view of a curved concrete wall with a blue sky in the background,Architecture & Interiors
https://unsplash.com/photos/a-black-and-white-photo-of-a-clock-tower-RNrGIF6Nw-s,full/9cfa8bda881b217414d37e3dbfca1c63586a8abe.jpg,a black and white photo of a clock tower,"Wallpapers, Architecture & Interiors"
https://unsplash.com/photos/a-tall-building-with-a-clock-on-the-side-of-it-Acziuxxtqp4,full/fa7903f37f256b6754f4f957b2cdf654c0bb52e7.jpg,a tall building with a clock on the side of it,Architecture & Interiors
https://unsplash.com/photos/a-very-tall-building-with-lots-of-windows-FCsG85NVmyY,full/ce740a579d68261e0515f1d2bf133f45043b3852.jpg,a very tall building with lots of windows,Architecture & Interiors
https://unsplash.com/photos/a-pink-and-blue-sky-with-some-clouds-S-2Ukb_VqpA,full/496b824e5f6726269d306c4304d0781d5b5c9da7.jpg,a pink and blue sky with some clouds,"Editorial, Wallpapers, Experimental"
https://unsplash.com/photos/a-black-and-white-photo-of-a-tall-building-lYON9sbp66c,full/768926d032e836bbbce7d63792c8b637ec53a938.jpg,a black and white photo of a tall building,Architecture & Interiors
https://unsplash.com/photos/a-building-with-a-balcony-and-a-clock-on-it-HPZJAJ99rnI,full/0159dc49922adcf429da6cb11fc670712ff41a38.jpg,a building with a balcony and a clock on it,Architecture & Interiors
https://unsplash.com/photos/a-black-hole-in-the-middle-of-a-yellow-background-cvF39VElQTA,full/a1297698168c7fb77680a1d619913778e7668d89.jpg,a black hole in the middle of a yellow background,"Editorial, Textures & Patterns"
https://unsplash.com/photos/yellow-and-white-striped-textile-xiknZ6oclIY,full/14bee72ff17ea3412724243feea57bed1a4fb439.jpg,yellow and white striped textile,"Editorial, Textures & Patterns"
https://unsplash.com/photos/green-palm-tree-under-blue-sky-during-daytime-C1O37F3IAVc,full/6c017df5ff53d2a0ee6e53728b11901139cf7d19.jpg,green palm tree under blue sky during daytime,Textures & Patterns
https://unsplash.com/photos/an-orange-wall-with-a-black-street-light-next-to-it-NMAmd1jW_0U,full/93f6d121aa5f8be148fec71fc7955a469066c22a.jpg,an orange wall with a black street light next to it,"Editorial, Textures & Patterns"
https://unsplash.com/photos/a-multicolored-image-of-a-plane-flying-in-the-sky-4Qu6PfzNotE,full/2f9560782849dd7766428e0c421c6ee23046a2d2.jpg,a multicolored image of a plane flying in the sky,Textures & Patterns
https://unsplash.com/photos/a-blurry-photo-of-a-street-light-Rhl7MLEh-O4,full/73b4db0946fcc0f435f7aa4f494a58b07b049189.jpg,a blurry photo of a street light,Textures & Patterns
https://unsplash.com/photos/a-bunch-of-flowers-that-are-yellow-and-orange-Lidc1tQznxY,full/737856098b3d9d0d2be71b9690312df4a369f75f.jpg,a bunch of flowers that are yellow and orange,Textures & Patterns
https://unsplash.com/photos/a-pile-of-yellow-paper-with-scissors-on-top-of-it-y3YVmLQS_0E,full/279aa781c3fdfc6c2447ab6f933047dbc55aa874.jpg,a pile of yellow paper with scissors on top of it,Textures & Patterns
https://unsplash.com/photos/a-close-up-of-a-bunch-of-orange-wires-hJY2VjSL2XU,full/b724add848860c168b1c1ba168b1b30171b4074b.jpg,a close up of a bunch of orange wires,Textures & Patterns
https://unsplash.com/photos/white-clouds-and-blue-sky-YTV-GHH9VpQ,full/85a5dd47df1113141c99d22ebf48ccf9fa142b05.jpg,white clouds and blue sky,"Editorial, Wallpapers, Textures & Patterns"
https://unsplash.com/photos/a-branch-of-a-tree-with-snow-on-it-yyPKXY95Fr8,full/8522ba36827a22f7d233f5691943bcf20602879c.jpg,a branch of a tree with snow on it,"Editorial, Experimental, Textures & Patterns"
https://unsplash.com/photos/the-sun-is-setting-over-a-forest-of-trees-PGj6XuQrqrQ,full/4a9a1f09cd211d1c08d2ef292e010fd303aed06b.jpg,the sun is setting over a forest of trees,Textures & Patterns
https://unsplash.com/photos/red-and-white-abstract-painting-OlKVp4mrdRU,full/25ae5e98858794cc48baf84525fd3fed3226d49f.jpg,red and white abstract painting,"Editorial, Textures & Patterns"
https://unsplash.com/photos/a-tall-red-brick-building-with-lots-of-windows-CqF7AQqzK-4,full/6a0db7c7fc8c4a88b62d2af06240a5abb34dfcab.jpg,a tall red brick building with lots of windows,"Textures & Patterns, Architecture & Interiors"
https://unsplash.com/photos/a-purple-background-with-a-red-and-black-feather-iKoSSOV2yM4,full/38e2b9fd8e657654112d4fc1127908e42588d8da.jpg,a purple background with a red and black feather,"Editorial, Textures & Patterns"
https://unsplash.com/photos/a-tree-with-pink-flowers-and-a-blue-sky-in-the-background-PUcM4VW1nBc,full/4d60c49a06d640c51b0af755ce79fe3ed8f63d8e.jpg,a tree with pink flowers and a blue sky in the background,"Nature, Textures & Patterns"
https://unsplash.com/photos/a-close-up-of-a-red-and-black-object-wx_8f9TPgRk,full/296257caa8ee05800b629c35f4f4849929333452.jpg,a close up of a red and black object,Textures & Patterns
https://unsplash.com/photos/a-blurry-photo-of-a-city-street-at-night-M-W9aYoyyus,full/5fe895d8ddd38fc3df4f0f480ea5b2af1b1ca4d7.jpg,a blurry photo of a city street at night,Textures & Patterns
https://unsplash.com/photos/a-person-riding-a-bike-down-a-street-FXF1OA4__SU,full/7d9c2e3bf3721f2129de62ba70d8243663ce1393.jpg,a person riding a bike down a street,Street Photography
https://unsplash.com/photos/a-woman-walking-down-a-street-holding-an-umbrella-e-7TNbgqQzU,full/c985179544bf4291d028a086d6b1bdc3bde60ccb.jpg,a woman walking down a street holding an umbrella,"Editorial, Street Photography"
https://unsplash.com/photos/a-man-walking-down-a-flight-of-stairs-Jh1LHCnQJGQ,full/abccf593fe80ac55766e006bbeec5b3e08b49ac1.jpg,a man walking down a flight of stairs,"UGC, Street Photography"
https://unsplash.com/photos/a-long-hallway-with-a-light-at-the-end-of-it--sVy_hskqzY,full/388001a4dfe4e3b21146de56d7bfa1513b3e8c22.jpg,a long hallway with a light at the end of it,Street Photography
https://unsplash.com/photos/a-person-walking-down-a-street-at-night-lXR86Iidf7g,full/71b5a686af17f39808414e79cc065797bfc13bfc.jpg,a person walking down a street at night,"Editorial, Street Photography"
https://unsplash.com/photos/a-city-street-with-a-puddle-of-water-on-the-ground-CgBzuX5F4og,full/7c9836c1e020c4bbe4028f45fd763c0030787812.jpg,a city street with a puddle of water on the ground,Street Photography
https://unsplash.com/photos/a-group-of-people-walking-across-a-street-holding-umbrellas-dVglmTzc42k,full/06c4ca96d243a24fad998dd572dab4127ba5919c.jpg,a group of people walking across a street holding umbrellas,Street Photography
https://unsplash.com/photos/a-group-of-people-standing-in-front-of-a-food-truck-venvpRzgH4Y,full/d17fc45925e31de3f819f9f67a21e99be3192bd6.jpg,a group of people standing in front of a food truck,Street Photography
https://unsplash.com/photos/a-person-riding-a-bike-with-a-dog-on-a-leash-zIli20w_IjU,full/83dc73025039ccddc8d924c6c9280c4168b52ce8.jpg,a person riding a bike with a dog on a leash,Street Photography
https://unsplash.com/photos/a-couple-of-people-walking-down-a-street-at-night-V3kz_2uu6XY,full/5d27266848431af96944c93a92800bc7005d93df.jpg,a couple of people walking down a street at night,"Editorial, Street Photography"
https://unsplash.com/photos/a-person-riding-a-bike-on-a-city-street-yAi303hXUTQ,full/73792aacd394077b23635cce3b2194237ccbcc46.jpg,a person riding a bike on a city street,Street Photography
https://unsplash.com/photos/a-building-with-asian-writing-on-it-at-night-oPb0v_mtFXs,full/de4e3553b16f504c54e4f8c707d725bf23cc19e6.jpg,a building with asian writing on it at night,"Editorial, Street Photography, Travel"
https://unsplash.com/photos/a-couple-of-people-walking-down-a-street-YXW7dEIvOD8,full/1fefdb9ab48c0317f58406c48eba36e190fdc00f.jpg,a couple of people walking down a street,Street Photography
https://unsplash.com/photos/a-man-riding-a-bike-down-a-street-next-to-tall-buildings-mUxRPeq-jcg,full/0c4e8acb86cdba42dfcac2ce82b5f187333cc6a7.jpg,a man riding a bike down a street next to tall buildings,Street Photography
https://unsplash.com/photos/a-man-walking-down-a-sidewalk-next-to-a-tall-building-vJiVTOMMGcI,full/5480bb6dabaf68e8088018064b3bdc3ebd85af25.jpg,a man walking down a sidewalk next to a tall building,Street Photography
https://unsplash.com/photos/a-group-of-people-standing-in-front-of-a-fountain-16t2tlRnVXQ,full/79ccc5418cb850d6fff07ac201be72b47937857a.jpg,a group of people standing in front of a fountain,Street Photography
https://unsplash.com/photos/a-city-street-filled-with-traffic-next-to-tall-buildings-ht9w5ocjr-0,full/d9a9853ecf55cd975a53811a844e7d2c2565ac9d.jpg,a city street filled with traffic next to tall buildings,Street Photography
https://unsplash.com/photos/a-group-of-people-walking-across-a-snow-covered-field-ELWo0ZBrcoU,full/e23882d379f76917faa11bf4da1972c0e6d59647.jpg,a group of people walking across a snow covered field,"UGC, Film"
https://unsplash.com/photos/a-close-up-of-the-front-end-of-a-blue-vw-bug-ayparwDeWfI,full/c52a89a7a76518ced2237d9edf6b3fc86b568f00.jpg,a close up of the front end of a blue vw bug,Film
https://unsplash.com/photos/a-row-of-wooden-buildings-sitting-on-the-side-of-a-road-YlHvmWWkrX8,full/a091bcaa49c76bbbcba272ce75c3c2b8a9f3083a.jpg,a row of wooden buildings sitting on the side of a road,Film
https://unsplash.com/photos/a-black-and-white-photo-of-a-person-on-a-bike-FptjdbZYv3A,full/e841821ac5e510a29ec24d072766d9a327c6f2a0.jpg,a black and white photo of a person on a bike,Street Photography
https://unsplash.com/photos/a-large-white-boat-sitting-on-top-of-a-body-of-water-8rsQcXEBYhs,full/74760beccdb0d60b97783037af8585b192159488.jpg,a large white boat sitting on top of a body of water,Film
https://unsplash.com/photos/a-group-of-people-walking-across-a-cross-walk-PFCkcdjHvPw,full/f43b666aebf6afb16a2027ace102412dbca6f839.jpg,a group of people walking across a cross walk,Street Photography
https://unsplash.com/photos/a-field-full-of-yellow-flowers-with-trees-in-the-background-gKJ5qdLLdrE,full/ebed7fc5cc5e5ffab5ae331feccd09d5c5df2f33.jpg,a field full of yellow flowers with trees in the background,Film
https://unsplash.com/photos/a-group-of-people-standing-around-a-red-fire-hydrant-GWTYrdLVOoU,full/a270480998e9832cf5d4bf21ec6720f7725845fb.jpg,a group of people standing around a red fire hydrant,Film
https://unsplash.com/photos/a-cat-sitting-in-a-basket-on-top-of-a-table-Zp4TRGAY7Ps,full/d8c2607c39710293511326d14a0990256d7b36aa.jpg,a cat sitting in a basket on top of a table,Film
https://unsplash.com/photos/a-person-on-a-boat-with-a-yellow-hat-W5MPx-fldzk,full/a855f37ac8accd83975f3bd7d45c9884e7cdba78.jpg,a person on a boat with a yellow hat,"UGC, Film"
https://unsplash.com/photos/a-group-of-people-walking-up-and-down-a-set-of-stairs-J9jlpY1o8sg,full/32329c085a82aec5f2929599eb92d57dd0327f74.jpg,a group of people walking up and down a set of stairs,"UGC, Film"
https://unsplash.com/photos/a-neon-sign-on-the-side-of-a-building-sne0c9Mx11k,full/2a07d59e82c5a07ae113628cba855e30f96b1797.jpg,a neon sign on the side of a building,Film
https://unsplash.com/photos/a-group-of-people-sitting-at-tables-in-a-restaurant-AIO66X7tbHY,full/9d97da2a7245a571df12df3cfc2d33021c3d5146.jpg,a group of people sitting at tables in a restaurant,"Editorial, Film"
https://unsplash.com/photos/a-street-with-a-garage-and-palm-trees-UrbEoqM3V_c,full/3b69995d52bfa868879ce75635e24243cde3f371.jpg,a street with a garage and palm trees,Film
https://unsplash.com/photos/a-statue-of-a-man-sitting-on-a-bench-next-to-a-window-0euuaBQL2xU,full/6215146db73a3a9c5a3bf65ad62ef634e9462b8b.jpg,a statue of a man sitting on a bench next to a window,"UGC, Travel, Film"
https://unsplash.com/photos/a-statue-in-the-middle-of-a-city-square-pxhif_I7D8c,full/1b90ea8586d9deea14fa229857a46a1f35d582e8.jpg,a statue in the middle of a city square,Film
https://unsplash.com/photos/a-tree-with-purple-flowers-in-front-of-a-building-d9kuG83XFZA,full/6f53c0d97ab50c0a1b82eef07f0169004008320c.jpg,a tree with purple flowers in front of a building,Film
https://unsplash.com/photos/a-group-of-people-laying-on-top-of-a-sandy-beach-X0Y_8K7IUDk,full/27f13538f47ad82d27541253e84b57f611ceb253.jpg,a group of people laying on top of a sandy beach,"Film, UGC"
https://unsplash.com/photos/a-long-hallway-with-a-clock-on-the-wall-lxiafWtM190,full/61af001d411fbd887195027f603f180e76d8a9af.jpg,a long hallway with a clock on the wall,Film
https://unsplash.com/photos/a-train-traveling-past-a-factory-on-a-train-track-ojbqtFvCCwE,full/42866bd721d1e4c9068de303b66579c667fc8ec9.jpg,a train traveling past a factory on a train track,Film
https://unsplash.com/photos/a-house-with-clothes-hanging-out-to-dry-f6z8zneIuBc,full/b546a624be2b71218a30d08b05d9c5f0e82714c4.jpg,a house with clothes hanging out to dry,Film
https://unsplash.com/photos/SviWJBFRVYY,full/9be6e09763b23243866ebeb5189f4a5b63026701.jpg,noname,Archival
https://unsplash.com/photos/a-drawing-of-a-mountain-with-trees-in-the-foreground-hi4s9wvbMLU,full/da1ff520666e58e78f00c9dc459c091ec5bf4479.jpg,a drawing of a mountain with trees in the foreground,Archival
https://unsplash.com/photos/grayscale-photo-of-2-women-riding-on-bicycle-lQCwvbmkqSg,full/76a6215b1e0149dec764b755b8ffc7e650b6066c.jpg,grayscale photo of 2 women riding on bicycle,"Editorial, Archival"
https://unsplash.com/photos/Jjh48JUpd7Q,full/21e94dc0f83fdaa6064786ddabe279daad2157d0.jpg,noname,Archival
https://unsplash.com/photos/KUf621FjcdY,full/5c96222fb0b7ea154ea1bb4013bd8c89579982e9.jpg,noname,Archival
https://unsplash.com/photos/a-very-large-star-surrounded-by-stars-in-the-sky-s2nyhfDeXys,full/05746b049a7af21be09cc1e6a8bdebe152be9a48.jpg,a very large star surrounded by stars in the sky,Archival
https://unsplash.com/photos/grayscale-photo-of-cherry-blossom-W9HkzUc0wo4,full/b84d53f5a7f3ff39421689bba1c6cb4aa53eede3.jpg,grayscale photo of cherry blossom,"Editorial, Archival"
https://unsplash.com/photos/a-drawing-of-a-floral-design-on-a-white-background-TVwgBlnba1g,full/47238c92876a88a5203dbc7bd7e51a0e356f6788.jpg,a drawing of a floral design on a white background,Archival
https://unsplash.com/photos/a-couple-of-women-standing-in-front-of-a-building-A5limNE07Lg,full/1a60232b26f63f350de43da9c79b3457f67aa7df.jpg,a couple of women standing in front of a building,Archival
https://unsplash.com/photos/a-painting-of-a-landscape-with-trees-in-the-background-pfkhg7LqU5Q,full/227f717d0d49119a9871bc6de686857739c9b40c.jpg,a painting of a landscape with trees in the background,Archival
https://unsplash.com/photos/woman-in-black-and-white-floral-dress-qAKxrf68Un4,full/4b9b3a91024e0f8cb8fd2c92e00ece565962718e.jpg,woman in black and white floral dress,Archival
https://unsplash.com/photos/a-black-and-white-drawing-of-a-man-standing-on-a-hill-K2JnS1ByVZ8,full/536024f07264c304dc76199fa59b93ae798dd739.jpg,a black and white drawing of a man standing on a hill,Archival
https://unsplash.com/photos/grayscale-photo-of-woman-in-white-robe-sitting-on-chair-UDSB-1P9WSk,full/3b44843dfc7d82fcb53010d2c4b4289ef108f0ea.jpg,grayscale photo of woman in white robe sitting on chair,Archival
https://unsplash.com/photos/a-woman-sitting-in-a-chair-in-front-of-a-lamp-N9IeKcKtjdY,full/65787bf400bf7309ed977c5d3eab73654dcac640.jpg,a woman sitting in a chair in front of a lamp,Archival
https://unsplash.com/photos/a-black-and-white-drawing-of-a-rural-landscape-4o5LHOQy1cY,full/581eed1536572bab64b5f2d489084751c885f057.jpg,a black and white drawing of a rural landscape,Archival
https://unsplash.com/photos/BoK3bvIIyuc,full/2c2b2c55e542cdb14387f249303c81212bae6cc8.jpg,noname,Archival
https://unsplash.com/photos/a-black-and-white-drawing-of-a-geometric-design-JKgNZC0AwKs,full/026edadc974f17ed67b4b73682b2cc9669674df8.jpg,a black and white drawing of a geometric design,Archival
https://unsplash.com/photos/people-walking-on-road-near-trees-during-daytime-naXQcJBSwXg,full/cae7bf481420ae80bfe98d20fc41cf5717de4e37.jpg,people walking on road near trees during daytime,"Editorial, Archival"
https://unsplash.com/photos/a-black-and-white-drawing-of-a-zebra-in-the-rain-BhecPUbzFWU,full/1e7acf99f1361ac87ac6eb1a37419123d47d8d5c.jpg,a black and white drawing of a zebra in the rain,Archival
https://unsplash.com/photos/grayscale-waves--8dtqke9Z_0,full/f0190462426ed9915d0c5ec860a9bf7d1c68cd13.jpg,grayscale waves,"Editorial, Experimental"
https://unsplash.com/photos/a-bed-with-a-yellow-comforter-and-a-window-DoTKoAC5hqg,full/423f8868b48bb5431203e0fdadafa11905161289.jpg,a bed with a yellow comforter and a window,"Editorial, Experimental, Interiors"
https://unsplash.com/photos/two-red-roses-are-in-a-clear-vase-4y9QLQkBFKg,full/8535724c009080a9a28d5686e6f596ed5a4a990b.jpg,two red roses are in a clear vase,Experimental
https://unsplash.com/photos/a-group-of-children-playing-in-a-play-area-HDjVjyVHMbk,full/d52c3f8243ee08ad514d6f379d6eb055a3479add.jpg,a group of children playing in a play area,"Editorial, Experimental"
https://unsplash.com/photos/a-person-in-a-red-dress-1tjMpBTvFAA,full/5569602beeeb2ec9dc7beae093017ac9843dbc26.jpg,a person in a red dress,"Editorial, Experimental, Fashion & Beauty"
https://unsplash.com/photos/a-woman-standing-in-front-of-a-projected-image-7qj2CjhyHjs,full/8e359ce0b2ab4bf07f8d39c443565a8c93918534.jpg,a woman standing in front of a projected image,"Editorial, Experimental, Fashion & Beauty"
https://unsplash.com/photos/a-blurry-photo-of-trees-in-a-forest-HvV2NjvSwRU,full/9af5001a2d0dd31c08e6493b2a116b9d8ef0b547.jpg,a blurry photo of trees in a forest,"Editorial, Wallpapers, Experimental"
https://unsplash.com/photos/green-and-white-water-droplets-FPYdbmNKVJQ,full/8aef9b9bc794bf02ddfc4ba820fd1b3a7f1b6a7f.jpg,green and white water droplets,"Editorial, Experimental, Nature"
https://unsplash.com/photos/sliced-lemon-and-clear-drinking-glass-with-sliced-lemon-QVup6dgNWY8,full/c754ed43114306e7ff5f8700998791a7aafbf844.jpg,sliced lemon and clear drinking glass with sliced lemon,"Editorial, Experimental, Wallpapers"
https://unsplash.com/photos/silhouette-of-person-standing-on-window-during-daytime-MfC0v78kKbo,full/f9c7b76c3d96394a5e1b249d6d4c7430262178f8.jpg,silhouette of person standing on window during daytime,"Editorial, Experimental"
https://unsplash.com/photos/a-painting-of-a-flower-on-a-blue-background-BLvyqmEm0PA,full/652b3c8078b025e3ac5f31693ac78aace753c041.jpg,a painting of a flower on a blue background,"Editorial, Experimental, Wallpapers"
https://unsplash.com/photos/person-holding-white-round-ornament-near-body-of-water-during-daytime-sXbCTRATCo8,full/62748aa153ced9f5067fc55d0d6dd9bc7f07acf3.jpg,person holding white round ornament near body of water during daytime,"Editorial, Experimental"
https://unsplash.com/photos/a-man-in-a-white-shirt-with-a-blurry-background-ZlPLvIoBSyA,full/c1b8bdbdda0aae24a48fd49407f58ff04bb156b6.jpg,a man in a white shirt with a blurry background,"Editorial, Experimental"
https://unsplash.com/photos/water-droplets-on-body-of-water-JuVKYgfJvEQ,full/af32af65ab6f53d5287bad5ec24a212597089baa.jpg,water droplets on body of water,Experimental
https://unsplash.com/photos/woman-holding-six-assorted-color-balloons-LF_YiEMSr_Y,full/0a47d1a4d158652633ed41cc7e194862972dc8db.jpg,woman holding six assorted-color balloons,Experimental
https://unsplash.com/photos/W2Vp2d2YPNk,full/03fa7ae6d195ff00dfc815012ee318f0a1fad02d.jpg,noname,"Wallpapers, Experimental"
https://unsplash.com/photos/a-close-up-of-a-dog-sitting-on-a-rock-7mK_8cck_E8,full/cdf0b8fea7b83d3f5db27df45ee651b65ef0e2da.jpg,a close up of a dog sitting on a rock,Animals
https://unsplash.com/photos/red-rose-bouquet-on-white-surface-Y3ORDf3E90I,full/65fda82de0ece59738998b07c97a3aa765eb67ac.jpg,red rose bouquet on white surface,"Editorial, Experimental, Fashion & Beauty"
https://unsplash.com/photos/drops-of-water-on-brown-surface-SkiFreThawc,full/c7d9c0395e91f85179c298b2ac17a004ff7c5bd7.jpg,drops of water on brown surface,"Experimental, Textures & Patterns, Monochromatic"
https://unsplash.com/photos/white-and-black-duck-on-water-during-daytime-7aChNfL9l_U,full/126629e04291bef8923092d891845c0bd424b0bb.jpg,white and black duck on water during daytime,"Editorial, Animals"
https://unsplash.com/photos/white-bird-on-body-of-water-during-daytime-UexucCEzj-0,full/a2016db59bd57292b5aaf1ed829eb369fd76666a.jpg,white bird on body of water during daytime,"Nature, Animals"
https://unsplash.com/photos/grayscale-photo-of-cat-behind-textile-A7Zv_REo7cg,full/a676427db5f860529f0832ef8086c24b654cf9d7.jpg,grayscale photo of cat behind textile,"Editorial, Animals"
https://unsplash.com/photos/a-close-up-of-a-plant-with-a-bug-on-it-pWcxpnAeJxE,full/82c8a9f721da17ff4149c5e4f22277fefc538203.jpg,a close up of a plant with a bug on it,Animals
https://unsplash.com/photos/a-group-of-birds-sitting-on-top-of-a-rock-formation-myeM75HdgcI,full/ebe30acb73d09dc07f27f8478a476c6828837aa0.jpg,a group of birds sitting on top of a rock formation,"Travel, Nature, Animals"
https://unsplash.com/photos/a-white-bird-perched-on-top-of-a-tree-VTdqsHRtWwM,full/277d34e85b173f5347a3bef1618886eed9bad8c2.jpg,a white bird perched on top of a tree,Animals
https://unsplash.com/photos/white-bird-flying-over-the-sea-SkwXStulu8Q,full/0fe4d746ee0a8fabf96c4be4b04f1ff7847cff17.jpg,white bird flying over the sea,"Nature, Animals"
https://unsplash.com/photos/a-close-up-of-a-guinea-pigs-face--W5Si167uvM,full/2ee6e27e6ce62db5d99ae23856180e5aa62d1d79.jpg,a close up of a guinea pig's face,Animals
https://unsplash.com/photos/a-cow-grazing-in-a-field-with-mountains-in-the-background-sy3RgUgWw5E,full/698e17f05fa3ded407b150e888f8e70139ce4865.jpg,a cow grazing in a field with mountains in the background,Animals
https://unsplash.com/photos/a-small-owl-perched-on-top-of-a-wooden-post-OdXPyYLQgg8,full/ef25a6c0ad32b6c99b0184f224ac0f61c7404789.jpg,a small owl perched on top of a wooden post,"Nature, Animals"
https://unsplash.com/photos/a-lemur-sitting-on-top-of-a-tree-branch-5nL8G77Iknw,full/ba827212ffc3fbac12fe0cc40a947cac3a245e5b.jpg,a lemur sitting on top of a tree branch,Animals
https://unsplash.com/photos/white-jellyfish-in-water-during-daytime-M_PW9GMNu5Q,full/5050b1dcb954e87f34b25fe7e4d9d5d37397ed87.jpg,white jellyfish in water during daytime,"Editorial, Animals"
https://unsplash.com/photos/a-koala-sitting-in-a-tree-with-its-mouth-open-z9r1KVYhbPM,full/623a332f92948c7e2af77700176c40b212593032.jpg,a koala sitting in a tree with its mouth open,Animals
https://unsplash.com/photos/a-seagull-flying-over-a-body-of-water-e_OV72ODACI,full/5fd2987a2d411d5f5eae12a90c08f52b9c4013ce.jpg,a seagull flying over a body of water,Animals
https://unsplash.com/photos/a-close-up-of-a-giraffes-head-against-a-blue-sky-kLuSWSkEdY8,full/1576f0fb8fe509dcfa6145fe2965d2b512d974b5.jpg,a close up of a giraffe's head against a blue sky,Animals
https://unsplash.com/photos/beautiful-portrait-of-southern-white-faced-owl-ptilopsis-granti-in-studio-setting-on-black-background-with-dramatic-lighting-ziJ8Z1GokFo,full/918fdb7ad5b2e08acb07cdf46a18f71067ef2025.jpg,Beautiful portrait of Southern White Faced Owl Ptilopsis Granti in studio setting on black background with dramatic lighting,Animals
https://unsplash.com/photos/a-small-beagle-dog-standing-on-a-lush-green-field-Jm-yIvAp3lg,full/44602e9981df66be1a1ed0713ee48c6c37dcc1e4.jpg,a small beagle dog standing on a lush green field,Animals
https://unsplash.com/photos/three-cats-beside-road-4mA9_5vbZ_s,full/1b240c5d6c00fc7abdc298f236ec82391980b93f.jpg,three cats beside road,"Editorial, Animals"
https://unsplash.com/photos/a-woman-wearing-a-green-jacket-and-white-shirt-P27Yo2Hsm3M,full/3fafca5f65c5d4085805e33d93eed8266bd9904e.jpg,a woman wearing a green jacket and white shirt,Fashion & Beauty
https://unsplash.com/photos/brown-and-beige-leather-sandals-BC82egesSiw,full/281d6ff2d51c32c006b04b77cea1d9cdbb188418.jpg,brown and beige leather sandals,Fashion & Beauty
https://unsplash.com/photos/a-woman-with-a-necklace-around-her-neck-wbNPe-7R3RI,full/f163fcf93baddf544c95c76823d3f0fc41305488.jpg,a woman with a necklace around her neck,Fashion & Beauty
https://unsplash.com/photos/brown-and-gray-slide-sandals-WzncgWs3RJ4,full/5d3dd9b94e1e3f9f93dd1d474171b91cb1d1d5b1.jpg,brown and gray slide sandals,Fashion & Beauty
https://unsplash.com/photos/a-woman-in-a-black-dress-laying-on-the-ground-o4sT7ypPdcE,full/e9601e192704925553a224bfedf5df144c584c44.jpg,a woman in a black dress laying on the ground,"Editorial, Fashion & Beauty"
https://unsplash.com/photos/two-young-women-sitting-next-to-each-other-in-a-field-GKb2tMIMWL4,full/873aca1d9f4887f1258701c8d0a472cbf5e12e5e.jpg,two young women sitting next to each other in a field,"Editorial, People, Fashion & Beauty"
https://unsplash.com/photos/a-close-up-of-a-persons-legs-wearing-high-heels-7hxIRQ7WF3Q,full/d6f1609afce3a68c3db09627ff9a0cecf37fd533.jpg,a close up of a person's legs wearing high heels,Fashion & Beauty
https://unsplash.com/photos/dQ_06MscOeM,full/44a61cf1c81dd6cf1b9cd823dd263321e4341d2b.jpg,noname,Fashion & Beauty
https://unsplash.com/photos/a-watch-lipstick-and-watch-band-laying-on-a-bed-cdlrjH_8g48,full/50b6843f00c74630fd190da3a0e77f7ff58cec62.jpg,"a watch, lipstick, and watch band laying on a bed",Fashion & Beauty
https://unsplash.com/photos/a-person-in-a-suit-VnHA00ldjWA,full/61eb095e6d8adceee87cb69176f71567e02647b1.jpg,a person in a suit,"Editorial, Fashion & Beauty"
https://unsplash.com/photos/woman-in-black-blazer-covering-her-face-with-gray-scarf-HlVjI5WmoQY,full/86b4899827a067cb661c3f44fec6d30d981b95ad.jpg,woman in black blazer covering her face with gray scarf,Fashion & Beauty
https://unsplash.com/photos/a-woman-wearing-a-garment-kJB-LnzxY9A,full/39a938f3ee78c94c6063c4cee3abb847843fe523.jpg,a woman wearing a garment,"Editorial, Fashion & Beauty"
https://unsplash.com/photos/a-white-chair-and-a-white-chair-with-a-magazine-rack-on-the-floor-p2l-UtUw2TY,full/0bea8b91199662fdf06b577d9b5e067106fb750f.jpg,a white chair and a white chair with a magazine rack on the floor,"Editorial, Fashion & Beauty, Architecture & Interiors"
https://unsplash.com/photos/a-close-up-of-a-person-wearing-a-dress-0x2mtPeSllw,full/9c0d1b98ce23022d295026369bc8f54ba76d3eaa.jpg,a close up of a person wearing a dress,Fashion & Beauty
https://unsplash.com/photos/a-woman-leaning-against-a-wall-with-a-hat-on-her-head-XycyFueNfBM,full/bdc554d6fdf955d235815b49e8a61a4134fe18ed.jpg,a woman leaning against a wall with a hat on her head,"Editorial, Fashion & Beauty"
https://unsplash.com/photos/a-woman-in-a-short-skirt-and-jacket-standing-in-front-of-a-building-7I8Z9Yc8qoo,full/159d80c03221ec825661adb60f6f340e9d773a4b.jpg,a woman in a short skirt and jacket standing in front of a building,"Editorial, Fashion & Beauty"
https://unsplash.com/photos/woman-wearing-blue-top-while-standing-on-plain-field-IcAtXrAZx8E,full/e8e35d8ca0600ab72db8109300026c73dd0a06b4.jpg,woman wearing blue top while standing on plain field,"Editorial, Spirituality, People"
https://unsplash.com/photos/a-group-of-young-people-sitting-next-to-each-other-NATh9TyXZ2I,full/84040f40cfea39e0bd725b4dfb1fd8afca957011.jpg,a group of young people sitting next to each other,"Editorial, Fashion & Beauty"
https://unsplash.com/photos/a-man-in-a-blue-shirt-and-yellow-scarf-sitting-in-front-of-a-brick-wall-qQ9p408ECYA,full/3c6dcd2db9ee0b6fc3fa0f3d220affea4d24cc53.jpg,a man in a blue shirt and yellow scarf sitting in front of a brick wall,Fashion & Beauty
https://unsplash.com/photos/woman-wearing-red-spaghetti-strap-bikini-top-on-body-of-water-viewing-mountain-b7S-gT-FeVk,full/b87292c798d9abdf74d46b92a859516529829d34.jpg,woman wearing red spaghetti strap bikini top on body of water viewing mountain,"Editorial, People, Travel"
https://unsplash.com/photos/a-woman-with-long-hair-standing-in-front-of-a-gray-background-l3GgalSACJA,full/10dff83d536b09c9119afdbeb852c4ff2d9a3dfc.jpg,a woman with long hair standing in front of a gray background,People
https://unsplash.com/photos/a-black-and-white-photo-of-a-man-sitting-on-a-chair-XzrMdNsfy-s,full/f47e9190682ea18118cef7f69608d98521b0bbe0.jpg,a black and white photo of a man sitting on a chair,People
https://unsplash.com/photos/woman-in-black-long-sleeve-dress-NQ7GymBnc2I,full/b9ee59b6f41db52bc473e0a260b62bea638d1631.jpg,woman in black long sleeve dress,"Editorial, People"
https://unsplash.com/photos/a-woman-with-long-hair-gBGrZBf2sl8,full/7c8a120dabc106a9314064e8e5694d4e1e94c6f8.jpg,a woman with long hair,"Editorial, People"
https://unsplash.com/photos/woman-in-white-dress-leaning-on-white-metal-railings-during-daytime-yjPOi7pQ9qs,full/ed76b96d79bf46dce470fe2d1379da7926966ae6.jpg,woman in white dress leaning on white metal railings during daytime,"Editorial, People"
https://unsplash.com/photos/a-woman-standing-on-a-sidewalk-in-front-of-a-building-xUOUaH_x8yk,full/0d8521da95d8a6b5441115f97a48c5bec26240ab.jpg,a woman standing on a sidewalk in front of a building,People
https://unsplash.com/photos/a-couple-of-women-standing-next-to-each-other-in-a-kitchen-XqE9QBvQhKQ,full/1bb192f1b3bcc6dcabd3e289639a705dd2a10932.jpg,a couple of women standing next to each other in a kitchen,People
https://unsplash.com/photos/a-woman-with-her-eyes-closed-wearing-a-hat-WSdLXbFs6dc,full/d16f87f0d7ca6e0c2d94d16e33b0e8efcb869de3.jpg,a woman with her eyes closed wearing a hat,"Editorial, People, Fashion & Beauty"
https://unsplash.com/photos/a-man-wearing-glasses-tguus5KGS4Q,full/af70515f6de205ad10e73940827b474dcfcf3cec.jpg,a man wearing glasses,People
https://unsplash.com/photos/woman-in-white-long-sleeve-shirt-holding-a-stick--rC7COxL5QU,full/2283303571a4af8cc3cdb39dd3b4e43bd4be4baa.jpg,woman in white long sleeve shirt holding a stick,"Editorial, People, Health & Wellness"
https://unsplash.com/photos/man-standing-on-rock-formation-in-the-middle-of-sea-during-sunset-DxzAgzgBTKo,full/282edd011586790454e2585752e3e7bcbdb66922.jpg,man standing on rock formation in the middle of sea during sunset,"Editorial, People"
https://unsplash.com/photos/young-specialist-of-manufactory-holding-ready-leg-prosthesis-consisting-of-prosthetic-socket-metallic-mechanism-and-foot-uRUHJUhugJE,full/c3b8336ce45e781a27ecdb31343c32fb8a78cd7d.jpg,"Young specialist of manufactory holding ready leg prosthesis consisting of prosthetic socket, metallic mechanism and foot",Business & Work
https://unsplash.com/photos/a-person-with-a-camera-on-the-head-and-a-box-in-the-hand-Vnee3n0KCuM,full/bae744f247c23df9c45c08e0cfbd3236856ef450.jpg,a person with a camera on the head and a box in the hand,"Editorial, People, Fashion & Beauty"
https://unsplash.com/photos/man-and-woman-standing-beside-railings-during-daytime-xF2EsMKSIzo,full/91412682679b42a4e4ff8edd947622a5b811a2e0.jpg,man and woman standing beside railings during daytime,"Editorial, People"
https://unsplash.com/photos/shallow-focus-photo-of-woman-in-white-dress-q3NX2NbbYmI,full/238df017ce2463d9a3262807c7819aa2eba6f592.jpg,shallow focus photo of woman in white dress,"Editorial, People, Fashion & Beauty"
https://unsplash.com/photos/side-view-portrait-of-young-business-team-discussing-project-while-working-at-desk-in-white-office-interior-copy-space-Og-ZtnHy8G0,full/eea409b418b095cdec126eeadfa38152c26020d2.jpg,"Side view portrait of young business team discussing project while working at desk in white office interior, copy space",Business & Work
https://unsplash.com/photos/a-man-sitting-on-a-chair-wearing-a-green-hoodie-9X_mbQorlTI,full/128cfa66fe57412e9324a4f56225779f072f91bf.jpg,a man sitting on a chair wearing a green hoodie,People
https://unsplash.com/photos/male-worker-mounting-photovoltaic-solar-panel-system-outdoors-man-engineer-placing-solar-module-on-metal-rails-wearing-construction-helmet-renewable-and-ecological-energy-ME6XD8QfMKI,full/8ed971ccc9b52cd195588a9ce615bbb4b7579e79.jpg,"Male worker mounting photovoltaic solar panel system outdoors. Man engineer placing solar module on metal rails, wearing construction helmet. Renewable and ecological energy.",Business & Work
https://unsplash.com/photos/person-using-black-laptop-computer-2MBtXGq4Pfs,full/f3956503468b57efd7edd60cebfb532ee4684296.jpg,person using black laptop computer,"Editorial, Business & Work"
https://unsplash.com/photos/vertical-warm-toned-shot-of-two-modern-carpenters-using-laptop-in-workshop-and-discussing-designs-BOAC1smjbR8,full/2607c17a9436ee37c6f2c9c5b5d804df73b2e8d3.jpg,Vertical warm toned shot of two modern carpenters using laptop in workshop and discussing designs,Business & Work
https://unsplash.com/photos/person-holding-white-iphone-5s-_aNFQ_7RxNc,full/4d3f81ec354c6cd7e394621f97c158b4635c3100.jpg,person holding white iPhone 5s,"Editorial, Business & Work"
https://unsplash.com/photos/a-man-in-a-kitchen-preparing-food-on-a-cutting-board-bF1HOxB2cms,full/097c44bead626e7e1b3dfe5e6d049c71fd2e74fc.jpg,a man in a kitchen preparing food on a cutting board,Business & Work
https://unsplash.com/photos/group-of-senior-people-attending-computer-and-technology-education-class-working-aY_GmeNKFpM,full/97f11ee3160989d26c7492791ee71b1e7c81538e.jpg,"Group of senior people attending computer and technology education class, working.",Business & Work
https://unsplash.com/photos/rear-view-of-young-woman-photographer-working-with-tablet-computer-on-wooden-table-4RZciNPfT64,full/062c441b5c758f842b121cd3f9843caea11ea880.jpg,Rear view of young woman photographer working with tablet computer on wooden table.,Business & Work
https://unsplash.com/photos/woman-in-white-shirt-and-orange-pants-holding-black-dslr-camera-on-tripod-HYgAmBKC0hk,full/e606cfffa3284d78d1c0b07383743d602a9752e6.jpg,woman in white shirt and orange pants holding black dslr camera on tripod,"Editorial, Business & Work, Original by design"
https://unsplash.com/photos/a-man-cutting-another-mans-hair-with-a-pair-of-scissors-tgPrIYnW3g4,full/7cd671bd4a4346e8ca59e3bf54237e425d1e5782.jpg,a man cutting another mans hair with a pair of scissors,"Editorial, Business & Work"
https://unsplash.com/photos/a-woman-sitting-at-a-desk-with-a-laptop-computer-VFKtNs7Qacg,full/274f3938506fc4931c0b2bded96c2754e683bc51.jpg,a woman sitting at a desk with a laptop computer,Business & Work
https://unsplash.com/photos/contemporary-office-interior-3d-rendering-design-concept-wbpWdY-ORNI,full/60428d86a6a05ac08b88f93607bba4edbc439940.jpg,contemporary office interior. 3d rendering design concept,Business & Work
https://unsplash.com/photos/modern-business-people-working-at-a-cafe-ktsoYg7O2S0,full/6a6d11d3e85d80ea9d7df3847d8586ad6a71860e.jpg,Modern business people working at a cafe.,Business & Work
https://unsplash.com/photos/a-woman-standing-in-front-of-a-desk-with-a-laptop-pMl6deh3njo,full/4b95805a38f0862fe34b471e8d543096d7517273.jpg,a woman standing in front of a desk with a laptop,Business & Work
https://unsplash.com/photos/person-shooting-camera-88PhXaIg1mQ,full/f2b5c99f546e271a21c735b52aa1a4c09a0b744f.jpg,person shooting camera,Business & Work
https://unsplash.com/photos/interested-colleagues-are-sitting-around-table-in-office-they-doing-their-job-creatively-woman-typing-on-laptop-xAuENFUG3iA,full/e44c008fee055749bc36f6b8e90aef6a561f06ba.jpg,Interested colleagues are sitting around table in office. They doing their job creatively. Woman typing on laptop,Business & Work
https://unsplash.com/photos/a-large-cathedral-with-a-chandelier-hanging-from-the-ceiling-TQFzsMSSwK0,full/09f45b01a7e29202df235d8fc3cefcff61cd9198.jpg,a large cathedral with a chandelier hanging from the ceiling,Spirituality
https://unsplash.com/photos/a-close-up-of-two-people-holding-hands-6yIJ8PY9rzs,full/53d89c08a08f6b7c4d28ea04dd0e80f42bcfb42c.jpg,a close up of two people holding hands,"Spirituality, Health & Wellness"
https://unsplash.com/photos/a-man-sitting-at-a-desk-using-a-laptop-2GRrj1z8dfM,full/3ba6b604e7fbf21767317a8b4e36fb6267aa619d.jpg,a man sitting at a desk using a laptop,Business & Work
https://unsplash.com/photos/woman-wearing-blue-denim-jacket-wK9L2vbwXjM,full/2d5dfcdf007b79a6c69d669813d0aeb77e528221.jpg,woman wearing blue denim jacket,"Spirituality, People"
https://unsplash.com/photos/a-mountain-range-with-a-lake-in-the-foreground-wgsu3WzFZ5c,full/a5f25135e3642cb7010bfb8d151f10f10a3392cd.jpg,a mountain range with a lake in the foreground,"Wallpapers, Spirituality, Nature"
https://unsplash.com/photos/a-close-up-of-a-plant-with-a-blurry-background-DpzV4MLz3Xk,full/81223dd66ad705825a13207ddd95ef5ff0fe3c40.jpg,a close up of a plant with a blurry background,Spirituality
https://unsplash.com/photos/two-businesswoman-working-with-business-documents-and-discussing-new-project-in-office-ERKDOkaHQV0,full/58203b481927200a68bd45e7f5a287b7d1ca1e4a.jpg,Two businesswoman working with business documents and discussing new project in office.,Business & Work
https://unsplash.com/photos/a-mountain-with-a-purple-sky-filled-with-stars-kS9uGzbI-9A,full/12c6b2b55e5453eb0f66820cef3eb00fbe12ca72.jpg,a mountain with a purple sky filled with stars,"Editorial, Wallpapers, Nature"
https://unsplash.com/photos/a-single-flower-that-is-sitting-in-the-corner-of-a-room-RZ1SUah3tUU,full/b2207577611a681214b32fc215cc386c59071777.jpg,a single flower that is sitting in the corner of a room,"UGC, Spirituality, Experimental"
https://unsplash.com/photos/woman-in-white-spaghetti-strap-top-kLWNAodC8Tg,full/d99e6d133ca47691d374fda4ef13fe1930a1d679.jpg,woman in white spaghetti strap top,"Editorial, Spirituality, People"
https://unsplash.com/photos/a-red-and-black-sky-with-stars-and-clouds-nEBb8OpIhjc,full/2203fc00e1222788fea9ce09e685d9950eb1dc95.jpg,a red and black sky with stars and clouds,Spirituality
https://unsplash.com/photos/a-mountain-covered-in-snow-under-a-cloudy-sky-zbowrjiVx2c,full/109ecd72bcd2a441a80d4b197bf072bf66ccc660.jpg,a mountain covered in snow under a cloudy sky,"Spirituality, Nature"
https://unsplash.com/photos/a-large-bird-flying-through-a-gray-sky-Wi24fvSd7_Q,full/1bc293304deaa7c66254e5df7478f2e40f1f4893.jpg,a large bird flying through a gray sky,"Wallpapers, Spirituality, Nature"
https://unsplash.com/photos/white-ceramic-vase-on-brown-textile-rT7J3nQ64b4,full/40c0f26e82a2eeedd9df5369c1bb117d3604c6c1.jpg,white ceramic vase on brown textile,"Editorial, Spirituality"
https://unsplash.com/photos/a-woman-wearing-a-dress-gtqIYS7NVkI,full/408d18097344fe1c4c27d8f81db0456576cf406a.jpg,a woman wearing a dress,"Editorial, Spirituality, People"
https://unsplash.com/photos/books-on-bushes-with-plant-BhSQ2Y-auI0,full/4fcea1c21e87077150c9eab6fbc91d79ef36c85b.jpg,books on bushes with plant,"Editorial, Spirituality"
https://unsplash.com/photos/a-person-is-reading-a-book-on-a-bench-0JW9JHvMPn0,full/51367a0f68181b44cb0a076d45e25124fe08285d.jpg,a person is reading a book on a bench,Spirituality
https://unsplash.com/photos/a-woman-holding-a-large-orange-umbrella-over-her-head-cJUSIqu8rSU,full/38884b99d78284a157ee7058181794610970b89d.jpg,a woman holding a large orange umbrella over her head,"Experimental, Spirituality"
https://unsplash.com/photos/a-tall-clock-tower-with-a-cross-on-top-of-it-EyBPpJcFwFA,full/73bee8e8437835a0bf7bdbb82b53c292ebbdedbc.jpg,a tall clock tower with a cross on top of it,Spirituality
https://unsplash.com/photos/a-cross-on-top-of-a-building-next-to-a-tree-ytU_UmRWVbI,full/df94b0951fbf7adb94f00edd61e068513b3daa80.jpg,a cross on top of a building next to a tree,Spirituality
https://unsplash.com/photos/woman-wearing-white-sleeveless-dress-standing-near-grass-at-daytime-CxsR0N_4VPQ,full/36dc4fc5b9a3282062bd3f3eb1fbb9470fb42fa3.jpg,woman wearing white sleeveless dress standing near grass at daytime,"Editorial, Spirituality, People"
https://unsplash.com/photos/woman-eating-pizza-inside-vehicle-cMHzDQ8ZPMM,full/8401f6a77498ee31e88e8db45955078fd140019a.jpg,woman eating pizza inside vehicle,"Editorial, Food & Drink, People"
https://unsplash.com/photos/a-table-with-a-laptop-and-a-bowl-of-food-d2c8JHg4j2I,full/bd81e46750a26dd403bfcc68d80c9bdbe330fc0a.jpg,a table with a laptop and a bowl of food,"Editorial, Food & Drink"
https://unsplash.com/photos/a-very-tall-building-with-a-clock-on-its-side-9s9-pz4l9wM,full/5cdfbd915a6b7247e612c78a23d6531c0fd5f608.jpg,a very tall building with a clock on it's side,"Spirituality, Architecture & Interiors"
https://unsplash.com/photos/a-person-sitting-in-a-chair-talking-on-a-cell-phone-mV_FtIVIeus,full/810220f9c3335d783523491834b6c24edb5e7267.jpg,a person sitting in a chair talking on a cell phone,"Food & Drink, People"
https://unsplash.com/photos/white-and-brown-cupcakes-on-white-table-gKrxflp1wv0,full/b46dad8efa8f5260f3e230528ec04f8df38f2295.jpg,white and brown cupcakes on white table,"Editorial, Food & Drink"
https://unsplash.com/photos/a-man-sitting-in-a-car-eating-a-hamburger-and-fries-Lu70t_s1wbA,full/8f24d1f265d8c402d9f1392f506775fbcf87b421.jpg,a man sitting in a car eating a hamburger and fries,Food & Drink
https://unsplash.com/photos/a-plate-of-food-with-a-spoon-sticking-out-of-it-PhY1R3w3rZE,full/296b5008d02daa49d43c410f27637ba90641517f.jpg,a plate of food with a spoon sticking out of it,Food & Drink
https://unsplash.com/photos/orange-and-orange-orange-fruit-4SHt23NAHkM,full/99cfa9d2e30c3d0d840b11e5b7309549c7de1fa4.jpg,orange and orange orange fruit,"Food & Drink, Health & Wellness"
https://unsplash.com/photos/pile-of-green-apples-and-orange-fruits-y7f-wjoiMW4,full/4d5b0817b44595384d7aef680a84b04abda9149d.jpg,pile of green apples and orange fruits,Food & Drink
https://unsplash.com/photos/drink-with-straw-on-wooden-table-BdHccLW-A4c,full/a84521836bb67c84766fef5bf097117f23dcb8bd.jpg,drink with straw on wooden table,Food & Drink
https://unsplash.com/photos/brown-and-white-pastry-on-white-surface-bH_iJ6J84dU,full/a47a76d3104c87ade5f0c0a7edd469f4766e1e27.jpg,brown and white pastry on white surface,Food & Drink
https://unsplash.com/photos/a-plate-of-food-on-a-wooden-table-T4yzcIa1Qgs,full/95be2f9edbece76263e45a9d0c647e9050c1c4cb.jpg,a plate of food on a wooden table,Food & Drink
https://unsplash.com/photos/donut-on-plate-d6OWpcAaums,full/908ed0c33ca3f585f803e474614f85ae129ff971.jpg,donut on plate,Food & Drink
https://unsplash.com/photos/person-holding-white-ceramic-bowl-with-bread-sjCYuGlREbs,full/fa4baf1db73b6f1bd60db9ea465b3647ae9db0e9.jpg,person holding white ceramic bowl with bread,"Editorial, Food & Drink"
https://unsplash.com/photos/sliced-tomato-and-green-vegetable-on-black-ceramic-plate-by2zvO00hvM,full/74e533d926504d48faf6e0b13f05a10097b2160f.jpg,sliced tomato and green vegetable on black ceramic plate,"Editorial, Food & Drink"
https://unsplash.com/photos/sliced-bread-with-green-vegetable-and-sliced-lemon-on-white-ceramic-plate-T72IMiUvP4w,full/07d20014373ff94fd765b1ef59a60a2c5235d492.jpg,sliced bread with green vegetable and sliced lemon on white ceramic plate,"Editorial, Food & Drink, Health & Wellness"
https://unsplash.com/photos/person-holding-ice-cream-cone-with-ice-cream-UfHQv0s-_gk,full/05be3b0ed99030556b64fc9c452b804ce9a83ad5.jpg,person holding ice cream cone with ice cream,"Editorial, Food & Drink"
https://unsplash.com/photos/orange-fruit-on-white-textile-HzswivUN-tI,full/8aeb22c2d14d618f739f2ba9134a0f50241fa254.jpg,orange fruit on white textile,"Editorial, Food & Drink, Health & Wellness"
https://unsplash.com/photos/yellow-and-white-pumpkin-on-brown-wooden-table-yd8StTde9vI,full/bdec78c60eac07366a8cd3ad215d9764846c8f23.jpg,yellow and white pumpkin on brown wooden table,"Editorial, Food & Drink"
https://unsplash.com/photos/woman-sitting-on-rock-during-daytime-gG70fyu3qsg,full/90f98eadea18ee97f176e34c6c2be91affb10538.jpg,woman sitting on rock during daytime,"Editorial, People, Health & Wellness"
https://unsplash.com/photos/sliced-apple-fruit-on-brown-wooden-chopping-board-s_gLIEpxZOA,full/cd5568009823044a0f37276884e840714d695cf3.jpg,sliced apple fruit on brown wooden chopping board,"Food & Drink, Pastels, Health & Wellness"
https://unsplash.com/photos/woman-sitting-on-cliff-overlooking-mountains-during-daytime-Zf0-90SpDD0,full/a9c80e8b2384193c0ccfd6a902cf3d5cde45a569.jpg,woman sitting on cliff overlooking mountains during daytime,"Editorial, Health & Wellness"
https://unsplash.com/photos/woman-in-white-shirt-and-black-pants-surfing-on-sea-during-daytime-kccfiPN6gyg,full/a2d986369b7d0585587cac822f9c1e96bb12837a.jpg,woman in white shirt and black pants surfing on sea during daytime,"Editorial, Travel, Health & Wellness"
https://unsplash.com/photos/shallow-focus-photography-on-woman-in-white-cold-shoulder-top-ouEe9842WRg,full/9c1b5cde98d44bd08a9007c46ffc10d08e292242.jpg,shallow focus photography on woman in white cold-shoulder top,"Editorial, People, Health & Wellness"
https://unsplash.com/photos/woman-in-black-long-sleeve-shirt-jL6guShvbhE,full/5d7185a4c1f380fb7d32c3e68bb6d417689b6d70.jpg,woman in black long sleeve shirt,"Editorial, Spirituality, People"
https://unsplash.com/photos/a-woman-sitting-in-a-chair-reading-a-book-FIPmosi1I00,full/064ec2b8c8cd0bb4d38485779650d345f84c8223.jpg,a woman sitting in a chair reading a book,"Editorial, Health & Wellness"
https://unsplash.com/photos/a-group-of-purple-leaves-sitting-on-top-of-a-table-ESn2Xgl3ksM,full/08e68bde73eee96dafd69e4011c7cabe51d91241.jpg,a group of purple leaves sitting on top of a table,Health & Wellness
https://unsplash.com/photos/woman-in-pink-bikini-top-MThIIpW8rpU,full/25a190406ce243e4cf933a7a4dcdb615881f158c.jpg,woman in pink bikini top,"Editorial, Sports, Health & Wellness"
https://unsplash.com/photos/woman-in-black-tank-top-and-white-shorts-walking-on-beach-during-daytime-aVF2wyp-STw,full/d686594ef7fc39aaf707f6b901633f16fec82e09.jpg,woman in black tank top and white shorts walking on beach during daytime,"Editorial, People, Nature"
https://unsplash.com/photos/a-vase-of-flowers-and-a-whisk-on-a-table-ulgOGxL7mtU,full/d4eafe9fad209336289323471bdb345079a37e91.jpg,a vase of flowers and a whisk on a table,"UGC, Food & Drink, Health & Wellness"
https://unsplash.com/photos/2-women-sitting-on-green-grass-tyMGgkXvG_8,full/510b0e3fd1a2a213190a2d23e3f742f49ae0a147.jpg,2 women sitting on green grass,"Editorial, People, Health & Wellness"
https://unsplash.com/photos/brown-and-white-wooden-glass-window-n0M8pP5EjDY,full/71a9951ce8fb0d43e13d443102e21aafba34901c.jpg,brown and white wooden glass window,"Editorial, Health & Wellness"
https://unsplash.com/photos/man-shaving-himself-8TLG-k4BYy4,full/2cc68dfb70dfbd7b245ba92c9af629d05d47032d.jpg,man shaving himself,"Editorial, Health & Wellness"
https://unsplash.com/photos/a-person-holding-a-cloth-over-a-bowl-of-food-4RZJxnJJxws,full/fa7ce5dc973a047a27f60437819d997f0f3e1149.jpg,a person holding a cloth over a bowl of food,Health & Wellness
https://unsplash.com/photos/laughing-blond-girl-in-sunglasses-and-white-dress-standing-by-one-of-sunflowers-in-front-of-camera-against-clear-sky-on-sunny-summer-day-96ia_o0y9i8,full/37b7bda294ec6e8138a25cdb66125bbb662b317b.jpg,Laughing blond girl in sunglasses and white dress standing by one of sunflowers in front of camera against clear sky on sunny summer day,Health & Wellness
https://unsplash.com/photos/clear-glass-bowl-with-red-liquid-and-sliced-strawberry-i27EQ6ttlnE,full/1a6a28fa84f58a2effb73fedc9ebf7163c4bf46b.jpg,clear glass bowl with red liquid and sliced strawberry,Health & Wellness
https://unsplash.com/photos/two-green-and-blue-liquid-in-glasses-t93le5UkiZk,full/76fcd84dfac09e11f758ebd04fb293e1d225cbec.jpg,two green and blue liquid in glasses,"Food & Drink, Health & Wellness"
https://unsplash.com/photos/woman-covering-blanket-standing-and-holding-and-smelling-coffee--dC8jIuwwDY,full/74ab8013f78f08a7f764b9774e45705b977d709f.jpg,woman covering blanket standing and holding and smelling coffee,"Editorial, People, Health & Wellness"
https://unsplash.com/photos/man-sitting-beside-basketball-hoop-srRT3u9B-NE,full/ba08f4ed4d6a384ee50f329c8de1d7d75a581f3a.jpg,man sitting beside basketball hoop,"Editorial, Sports"
https://unsplash.com/photos/time-lapse-photography-of-three-men-cycling-53B17GiIhTA,full/a35320a2febd47a3e30838cf6a098ee4021b9ca1.jpg,time lapse photography of three men cycling,Sports
https://unsplash.com/photos/ET0kHQ-fR1M,full/b517b2844cd07db731c1900bd0d7960c8f94e2d7.jpg,noname,Sports
https://unsplash.com/photos/a-man-is-high-in-the-air-on-a-high-jump-mOf2ABBfdnY,full/ff2bb69075f50eb751535ce24e9bfa819eb82bb8.jpg,a man is high in the air on a high jump,"Sports, Health & Wellness"
https://unsplash.com/photos/man-in-blue-shirt-and-black-shorts-playing-basketball-during-daytime-Wn11miRm9Ws,full/8e46e83c91a0586f2cf14552aaa4e107fcd1f267.jpg,man in blue shirt and black shorts playing basketball during daytime,"Editorial, Sports, People"
https://unsplash.com/photos/man-in-red-jacket-and-white-helmet-riding-white-and-red-snowboard-during-daytime-3z7Y7nBtXJE,full/09390d472418f475d5782bdde33030fd8678fe7f.jpg,man in red jacket and white helmet riding white and red snowboard during daytime,Sports
https://unsplash.com/photos/a-woman-running-down-a-road-in-a-sports-bra-top-lzUA7__g4dw,full/cd0b886004f9210e26d75d96039d1ce9dd2f3ea7.jpg,a woman running down a road in a sports bra top,Sports
https://unsplash.com/photos/man-in-white-and-blue-tank-top-wearing-white-and-black-bicycle-helmet-QWPFIZm3vf4,full/7b56f2dc9411bc41cad093150ed6ede8a652be3e.jpg,man in white and blue tank top wearing white and black bicycle helmet,"Editorial, Sports"
https://unsplash.com/photos/a-man-jumping-in-the-air-on-a-tennis-court-EHloYVXRWQg,full/1825e3cc9840116c4ffd8f67c3bd1a083ac5a20a.jpg,a man jumping in the air on a tennis court,Sports
https://unsplash.com/photos/a-woman-sitting-on-a-four-wheeler-in-the-mountains-BYzigd0a_9Y,full/25c7d5e242e7b2ed9d4c08a7714368c4a38cdb79.jpg,a woman sitting on a four - wheeler in the mountains,Sports
https://unsplash.com/photos/a-woman-in-a-black-dress-is-doing-a-yoga-pose-c53Bs35vOds,full/0fafd2ff60b344c9505a0c3fda8d96de095ca670.jpg,a woman in a black dress is doing a yoga pose,Sports
https://unsplash.com/photos/man-in-gray-crew-neck-t-shirt-and-gray-shorts-sitting-on-basketball-court-UfnsQzOGLu8,full/621e6500217ce667ef8fedbdba8012b5f2aad1c8.jpg,man in gray crew neck t-shirt and gray shorts sitting on basketball court,Sports
https://unsplash.com/photos/man-in-black-crew-neck-t-shirt-and-black-pants-sitting-on-skateboard-during-daytime-QYTo0qGX8H8,full/4f4c85ac703ca5e3776ea220c9777109ed17c8fc.jpg,man in black crew neck t-shirt and black pants sitting on skateboard during daytime,"Editorial, Sports"
https://unsplash.com/photos/a-man-and-a-woman-standing-on-a-tennis-court-holding-racquets-NBFFplQCoYs,full/41ac71431996b78dfe00f193d48c9a4a3805a96c.jpg,a man and a woman standing on a tennis court holding racquets,Sports
https://unsplash.com/photos/a-couple-of-people-on-dirt-bikes-on-a-hill-TUgLJba__-o,full/0c75988596f683abcfa7e0a9a12d110ab99f46a1.jpg,a couple of people on dirt bikes on a hill,Sports
https://unsplash.com/photos/person-in-white-dress-shirt-wearing-black-leather-strap-watch-B8Ibr9mPY0o,full/0f59af343e1e06f8e95468c473ba65ee9ad9d5aa.jpg,person in white dress shirt wearing black leather strap watch,"Editorial, Sports"
https://unsplash.com/photos/a-man-riding-a-bike-on-a-mountain-vrFQA8uMvkE,full/6cf18a589b5303689a75bd5c314a9d0c71469667.jpg,a man riding a bike on a mountain,"Editorial, People, Sports"
https://unsplash.com/photos/a-group-of-people-standing-on-a-street-holding-flags-x-Y0Oiwpbbk,full/6aa243f63d0da96ea7d141995bd9c6103d640ac4.jpg,a group of people standing on a street holding flags,Current Events
https://unsplash.com/photos/man-run-while-carrying-surfboard-on-beach-lyN72IGYkk0,full/6fb3bccf2f3ff35b4fd505ea0dd047d34922f9f2.jpg,man run while carrying surfboard on beach,"Editorial, Sports"
https://unsplash.com/photos/a-group-of-people-walking-down-a-street-cyXytbOwL-8,full/4244a8d569eeea7ea424ca918666009f79e76532.jpg,a group of people walking down a street,Current Events
https://unsplash.com/photos/a-man-in-a-black-shirt-and-white-boxing-gloves-hB09s_6PkSI,full/6545ee5023e91d03b9787a1ab3990ee915d7cd47.jpg,a man in a black shirt and white boxing gloves,Sports
https://unsplash.com/photos/a-group-of-people-standing-next-to-each-other-LmxQbQm0TvY,full/e4687260b08e5d05c733d81808404cb850a6b9e5.jpg,a group of people standing next to each other,Current Events
https://unsplash.com/photos/a-group-of-people-standing-on-the-side-of-a-road-6ygBCeAkp4c,full/763fdc93730dc2e38aa2c36f6c2b92b6e5efc9d1.jpg,a group of people standing on the side of a road,Current Events
https://unsplash.com/photos/a-large-group-of-people-sitting-on-the-ground-yx0K2CMNaXk,full/1b4d07b73da67e743bad3d5479ad5bb7924846a6.jpg,a large group of people sitting on the ground,Current Events
https://unsplash.com/photos/a-group-of-people-walking-down-a-street-holding-signs-bBjW23vc5kk,full/6761f912cfb2f8e15435cf856785dcac2e92c037.jpg,a group of people walking down a street holding signs,Current Events
https://unsplash.com/photos/a-group-of-people-walking-down-a-street-gogU0VEZDTs,full/36690a744938008ccee18ab26d4ea3db3753a270.jpg,a group of people walking down a street,Current Events
https://unsplash.com/photos/a-group-of-people-standing-around-each-other-holding-orange-flags-3mdLNBL9HoM,full/4f2c9a84dddb447c64af524ed87ad94eb6e2f9a2.jpg,a group of people standing around each other holding orange flags,Current Events
https://unsplash.com/photos/the-moon-is-shining-in-the-dark-sky-kMEy3HgDgoA,full/efd6a6b71e9e66de75de5e75fdf6f16790caaf82.jpg,the moon is shining in the dark sky,"Experimental, Wallpapers, Current Events"
https://unsplash.com/photos/the-sun-is-setting-over-the-horizon-of-a-tree-cKrlYuPEQis,full/30c0658e7edad752039ef763e725ca318c0008bf.jpg,the sun is setting over the horizon of a tree,"Editorial, Wallpapers, Nature"
https://unsplash.com/photos/a-group-of-people-holding-up-signs-in-the-air-lEYyPaUmHkQ,full/9eae9d0f018f78f19bae7955d42033c04ecdc5e1.jpg,a group of people holding up signs in the air,Current Events
https://unsplash.com/photos/a-group-of-people-standing-around-a-table-filled-with-water-bottles-Wk_pMkVrVsQ,full/1222bf01be3ca8f49c521f54c546b8ca342e39c5.jpg,a group of people standing around a table filled with water bottles,Current Events
https://unsplash.com/photos/a-group-of-people-walking-down-a-street-with-a-dog-in-a-cart-GPpwIB3jXD8,full/5357ce43716cf805f05aefb548fda5b46b12d59d.jpg,a group of people walking down a street with a dog in a cart,Current Events
https://unsplash.com/photos/a-group-of-people-walking-across-a-street-LWV_zBDv5iM,full/e32e79c8bbe3a1039a8d3cfcf7aeb0872ecd094b.jpg,a group of people walking across a street,Current Events
https://unsplash.com/photos/a-group-of-men-standing-next-to-each-other-oJEMdux3Ub8,full/d6fa76ac97ba22ca9d838ce3ad65b4a9fbb008b3.jpg,a group of men standing next to each other,Current Events
https://unsplash.com/photos/a-couple-of-people-walking-down-a-street-FVEncdT30jw,full/eb9d7c5ba59466f355ade8abc449194ed10e2a84.jpg,a couple of people walking down a street,Current Events
https://unsplash.com/photos/a-group-of-rainbow-colored-flags-blowing-in-the-wind-dAbqbiw5ITQ,full/d3660fe6ee5e208b85af45da9e98cb95112a5007.jpg,a group of rainbow colored flags blowing in the wind,Current Events
https://unsplash.com/photos/a-solar-eclipse-in-the-dark-sky-bQYmg-Co0OU,full/9874bc71d383a031c53061603fa920e8caec9d4d.jpg,a solar eclipse in the dark sky,"Editorial, Wallpapers, Nature"
https://unsplash.com/photos/a-couple-of-flags-that-are-on-a-pole-jRMBiACT4jw,full/33d65cc3b3c662de4696c088c7957e210d192c80.jpg,a couple of flags that are on a pole,Current Events
https://unsplash.com/photos/photo-of-trees-near-body-of-water-WeFDiEDModQ,full/3bcdd3908afd4c7723d9ce3588dcede3bc9b6ee8.jpg,photo of trees near body of water,"Editorial, Nature"
https://unsplash.com/photos/a-bird-perched-on-top-of-a-pine-tree-Rs7yEtEtf_E,full/ed820e3b1626dcbfb686f1e6dcf7c098482284c5.jpg,a bird perched on top of a pine tree,Nature
https://unsplash.com/photos/a-group-of-trees-in-a-forest-with-sequoia-national-park-in-the-background-I5-oefPw4eA,full/0c3b13eb2072a2975e2385f6999f1a0ac42e433c.jpg,a group of trees in a forest with Sequoia National Park in the background,"Nature, Wallpapers"
https://unsplash.com/photos/a-very-colorful-canyon-with-a-very-large-rock-formation-7TaF3zjq2As,full/f99c27799a151f4759c789ae6c0420de90c41b18.jpg,a very colorful canyon with a very large rock formation,Nature
https://unsplash.com/photos/brown-wooden-house-surrounded-by-pine-trees-at-daytime-b0CEpd0m1QY,full/3bb3968dd30f7296d9e5b00ac630611175a4c91f.jpg,brown wooden house surrounded by pine trees at daytime,"Editorial, Nature"
https://unsplash.com/photos/a-palm-tree-with-a-mountain-in-the-background-zoMwCm7lrQ0,full/4d966fbb9fe15023ffb881f903d8c65307af02cc.jpg,a palm tree with a mountain in the background,Nature
https://unsplash.com/photos/the-sun-is-setting-over-the-ocean-with-rocks-in-the-foreground-8ko09mM9nnI,full/f811db03a9a1b9678745b0707e205fe6f8d9d5e1.jpg,the sun is setting over the ocean with rocks in the foreground,"Editorial, Nature"
https://unsplash.com/photos/a-tall-tree-sitting-on-top-of-a-lush-green-hillside-xfrBgtBzuuM,full/6d38e9c43992d183bee12132b6d6dced68472867.jpg,a tall tree sitting on top of a lush green hillside,Nature
https://unsplash.com/photos/brown-owl-on-tree-branch-in-shallow-focus-photography-yZLkK1XfyHg,full/6a9e7cd05ad5f18578992fd0b39268ddb6e39523.jpg,brown owl on tree branch in shallow focus photography,"Editorial, Nature, Animals"
https://unsplash.com/photos/a-group-of-vases-sitting-on-top-of-a-shelf-M4BAutXY3xg,full/589ba53697ad0a4810d7d4a41f7d90248a15c124.jpg,a group of vases sitting on top of a shelf,"Editorial, Wallpapers, Spirituality"
https://unsplash.com/photos/a-large-green-tree-sitting-next-to-a-lake-bY8kcIP__dE,full/868b2b4f634fad804277c688e894f4cb1293941c.jpg,a large green tree sitting next to a lake,Nature
https://unsplash.com/photos/a-large-waterfall-that-is-in-the-middle-of-a-body-of-water-t5qOH02O6lg,full/d5ce332395b48aed34ccc85a746fdb8a5f81c00a.jpg,a large waterfall that is in the middle of a body of water,Nature
https://unsplash.com/photos/a-close-up-of-a-bunch-of-water-droplets-89AygadbpqU,full/b80f2976660c0a6a5d12def335270c5219901778.jpg,a close up of a bunch of water droplets,Nature
https://unsplash.com/photos/yellow-flowers-in-brown-clay-pot-AoUEpnNY2ZY,full/aa6094749f5335aba6f8da20feac00b23019cace.jpg,yellow flowers in brown clay pot,"Editorial, Wallpapers"
https://unsplash.com/photos/a-close-up-of-a-green-palm-leaf-xNSCi_K179c,full/e2f61e967460d7f6dab787bb89c444cb3b0c9538.jpg,a close up of a green palm leaf,"Editorial, Nature, Textures & Patterns"
https://unsplash.com/photos/a-mountain-range-covered-in-snow-under-a-blue-sky-d59bgGyNf_I,full/71dedee6aad9ee75ec6586e5bbb3cc8432794c79.jpg,a mountain range covered in snow under a blue sky,Nature
https://unsplash.com/photos/a-view-of-a-river-from-a-high-cliff-wl6mctuIWhw,full/54cac7b809c0a9896e8b844243afd4b66fc9bc92.jpg,a view of a river from a high cliff,Nature
https://unsplash.com/photos/a-bird-flying-over-a-snow-covered-mountain-ZushL6q0UgY,full/23d9af264a02f2bb896c6526077bd214e2261e1d.jpg,a bird flying over a snow covered mountain,"Wallpapers, Nature"
https://unsplash.com/photos/a-couple-of-palm-trees-that-are-next-to-each-other-tI8Ore3eh1M,full/650f8cc2c1f20b422e355821f228447ab8b1fe72.jpg,a couple of palm trees that are next to each other,Wallpapers
https://unsplash.com/photos/a-wall-with-writing-on-it-that-says-over-thinking-kills-your-happiness-p-oTPSD6r_U,full/f172a0e0e453e5f035b74062ff5463d2d0b0d84f.jpg,a wall with writing on it that says over thinking kills your happiness,"Editorial, Wallpapers"
https://unsplash.com/photos/time-lapse-photography-of-waterfalls-wZLsZ9DRLSI,full/872d36615e494f0d8523e00c2a768a264ae04f04.jpg,time lapse photography of waterfalls,"Editorial, Wallpapers, Nature"
https://unsplash.com/photos/sunset-photo-5sxQH0ugTaA,full/d8dbc4797997c55e199e164bd0434639a2f88c0e.jpg,sunset photo,"Editorial, Wallpapers, Nature"
https://unsplash.com/photos/a-bunch-of-flowers-that-are-in-the-grass-VFhUKWqeVw4,full/1d520e642819e42fee230226be417af1d6dae748.jpg,a bunch of flowers that are in the grass,Wallpapers
https://unsplash.com/photos/a-vase-filled-with-lots-of-flowers-on-top-of-a-wooden-table-M-F_kqlbzTY,full/d53e18501e348239333746debd49f593e1d7d6f6.jpg,a vase filled with lots of flowers on top of a wooden table,Wallpapers
https://unsplash.com/photos/white-classic-car-parked-near-palm-tree-during-daytime-HOfdx9f0JNA,full/f2eb8874e857da3e20892e4df4fcb1275bfe1da6.jpg,white classic car parked near palm tree during daytime,"Editorial, Wallpapers, Film"
https://unsplash.com/photos/a-view-of-a-city-at-night-from-a-bridge-aJgbAfRrdUs,full/78b5abe2d72741ba557dea31718f4455e4acc73f.jpg,a view of a city at night from a bridge,Wallpapers
https://unsplash.com/photos/tree-on-top-of-gray-rocky-mountain-near-body-of-water-45bI5ezo3gE,full/7f2d5720e1de806a35240e231826fb730dac807d.jpg,tree on top of gray rocky mountain near body of water,"Editorial, Wallpapers, Nature"
https://unsplash.com/photos/forest-under-blue-sky-B5drkS_Z5RM,full/d7558260f984afaebef14f74c77c280a94ef5571.jpg,forest under blue sky,"Editorial, Wallpapers, Nature"
https://unsplash.com/photos/Mg50HZNWtyc,full/d7a7c813027108328b03e2567c2311e3a3256b7c.jpg,noname,Wallpapers
https://unsplash.com/photos/a-very-tall-building-with-lots-of-windows-LpKv-FoHX48,full/c17ad11c5bddaf1089ad2efdf8a5ad2fd7fd0909.jpg,a very tall building with lots of windows,"Editorial, Wallpapers"
https://unsplash.com/photos/a-blurry-photo-of-a-plant-with-pink-flowers-dObzPTi3F-U,full/ece0dde86cdfa848db9bdbaebff28d2f8a7781d4.jpg,a blurry photo of a plant with pink flowers,no category
https://unsplash.com/photos/a-mountain-range-covered-in-snow-at-sunset-JdWb4SnEq3U,full/d0efabf7fdcc85ef20cabf0425af8fd592a62e0b.jpg,a mountain range covered in snow at sunset,"Nature, Wallpapers"
https://unsplash.com/photos/a-single-red-flower-with-a-green-background-tp7SSBoro9M,full/c4194067d61cf78038949081a9acef487fa368c9.jpg,a single red flower with a green background,Nature
https://unsplash.com/photos/a-close-up-of-a-bunch-of-purple-flowers-teQ22rOvKp8,full/f4cecfdf97b6cf47e4891f5507b605069395b178.jpg,a close up of a bunch of purple flowers,Nature
https://unsplash.com/photos/a-desert-landscape-with-a-lone-tree-in-the-distance-bIFz4Kby8eU,full/fc0d47693c86378331bbc20e6f9d57a3668e5e91.jpg,a desert landscape with a lone tree in the distance,Nature
https://unsplash.com/photos/a-row-of-palm-trees-with-a-blue-sky-in-the-background-uKn3C6wN_KQ,full/7b22f05bbe700e86512c09e9c6c0ac50e501d8e6.jpg,a row of palm trees with a blue sky in the background,"Wallpapers, Nature"
